,Athlete,Affiliate,Country,Competition,Placement,Region,Division,Division_2,Back Squat,Chad1000x,Clean and Jerk,Deadlift,Fight Gone Bad,Filthy 50,Fran,Grace,Helen,L1 Benchmark,Max Pull-ups,Run 5k,Snatch,Sprint 400m
18,Jeff Cowen,CrossFit SEO,,,,North America,Men,,,,185 lb,315 lb,,,,,,,,,125 lb,
19,Michael Miles,CrossFit Topo,,"2023 quarterfinals
41st
worldwide",41st,worldwide,Men,Men (50-54),430 lb,,290 lb,465 lb,302,,2:58,2:26,,,40,,220 lb,
33,Christy Harlander,,,,,North East,Women,,225 lb,,,275 lb,298,,6:18,,,,,,,
45,Christopher Mada,CrossFit Playground,,,,North America East,Men,,285 lb,,195 lb,375 lb,281,31:09,,3:41,11:09,,22,26:14,135 lb,1:26
46,Fernando Garza,,,,,South Central,Men,,375 lb,,265 lb,455 lb,,,,,,,,,195 lb,
55,Jackie Cottone,CrossFit Amarillo,,,,South Central,Women,,248 lb,,175 lb,260 lb,234,,5:32,,,,,,138 lb,
63,Shawn Westrick,,,,,Southern California,Men,,285 lb,,165 lb,385 lb,,,,,,,,22:39,115 lb,
68,Enrique Mier,,,,,Latin America,Men,,365 lb,,275 lb,415 lb,301,27:14,3:40,3:36,8:13,,46,,205 lb,1:37
69,David Choma,CrossFit Strongsville,,,,United States,Men,,415 lb,,270 lb,545 lb,314,29:18,3:39,3:09,10:42,,32,25:29,205 lb,1:22
72,Tracey Rauer,CrossFit Empire South,,,,South East,Women,,255 lb,,150 lb,245 lb,312,27:00,5:01,3:02,10:23,,20,7:38,110 lb,
79,Laura Brannen,CrossFit Boro,,,,United States,Women,,245 lb,,190 lb,280 lb,,,,,,,,,160 lb,
91,Matthew Flores,,,,,North Central,Men,,265 lb,,,315 lb,,19:15,3:50,,,,25,,,
92,Alex Vachon,CrossFit Issaquah,,"2023 open
6356th
worldwide",6356th,worldwide,Men,Men (40-44),335 lb,,225 lb,435 lb,487,25:47,4:26,3:12,9:49,,30,20:22,160 lb,
95,Sadee  Jones,,,,,North West,Women,,300 lb,,,315 lb,,,,,,,,,135 lb,
103,Daniel Krieger,Styrka CrossFit,,,,Europe North,Men,,125 kg,,90 kg,173 kg,,29:08,5:50,7:29,9:55,,,,60 kg,
104,Bryan Howell,Reservoir CrossFit,,,,South Central,Men,,385 lb,,265 lb,435 lb,353,22:46,3:00,2:39,8:40,,48,,220 lb,
109,Lauren Lees,CrossFit Dog Fight,,"2023 open
64723rd
worldwide",64723rd,worldwide,Women,Women,300 lb,,195 lb,300 lb,,,,,,,4,,125 lb,
124,Megan Moore,The Pack CrossFit,,"2023 open
7474th
worldwide",7474th,worldwide,Women,Women (40-44),230 lb,,155 lb,255 lb,,,,,,,,,95 lb,
133,Philip Burch,,,,,South Central,Men,,455 lb,,,500 lb,,,5:40,2:47,,,,,185 lb,
145,Joshua Mack,CrossFit Apollo,,,,North America West,Men,,260 lb,,205 lb,335 lb,331,,6:54,3:29,14:05,,25,20:52,145 lb,
151,Sarah Viets,SinCity CrossFit,,,,North America,Women,,300 lb,,235 lb,315 lb,383,28:48,2:21,1:32,8:09,,60,21:35,200 lb,1:03
163,Miguel Buenrostro,,,,,Northern California,Men,,305 lb,,215 lb,385 lb,259,29:52,4:40,4:28,9:10,,42,,135 lb,
171,Benjamin Vincent,CrossFit Spa City,,,,North America,Men,,350 lb,,215 lb,345 lb,230,31:51,5:20,4:11,11:30,,,,185 lb,
182,Sam Woodhead,Black Jack CrossFit,,"2023 quarterfinals
887th
worldwide",887th,worldwide,Men,Men (45-49),305 lb,79:47,255 lb,440 lb,302,23:38,4:24,2:15,9:09,,30,,185 lb,1:09
184,Matthew Miller,CrossFit Wheelhouse,,,,North America,Men,,385 lb,,265 lb,455 lb,,,3:28,2:22,,,,,205 lb,
186,Rhonda McMichael,,,,,North America,Women (60-64),,135 lb,,55 lb,185 lb,,,,3:40,13:32,,,,45 lb,
189,Tiffany Snow,CrossFit Sea Dog,,,,North America,Women,,305 lb,,200 lb,305 lb,297,,7:04,1:51,15:14,,,,140 lb,
202,Royce Spear,CrossFit Sav-up,,"2023 open
527th
worldwide",527th,worldwide,Men,Men (50-54),,,225 lb,315 lb,300,,3:47,2:41,9:08,,,22:26,170 lb,
205,Joshua Bednorz,BackCountry CrossFit,,,,South West,Men,,405 lb,,275 lb,470 lb,,,,,,,,,245 lb,
224,Jason Russo,,,,,North Central,Men,,215 lb,,185 lb,320 lb,210,28:48,6:10,6:31,11:13,,,,135 lb,
226,keziah Campbell,,,"2023 quarterfinals
233rd
worldwide",233rd,worldwide,Women,Women (35-39),120 kg,,90 kg,130 kg,,,,,,,20,22:50,73 kg,
234,Janet Turner,CrossFit Homewood,,,,United States,Women,,155 lb,,110 lb,235 lb,251,27:21,8:51,6:30,,,22,,80 lb,
240,Jason Smith,,,,,Mid Atlantic,Men,,325 lb,,230 lb,445 lb,264,,,2:16,,,26,23:47,175 lb,
245,Alexes Egea,CrossFit VU,,,,North America East,Men,,415 lb,,325 lb,500 lb,,,3:14,3:17,8:02,,,22:30,245 lb,1:09
247,Brent Tiesma,West London CrossFit,,,,Canada,Men,,320 lb,,200 lb,405 lb,,,5:00,6:00,,,,,145 lb,
251,Ryan Wilson,Warrior CrossFit Muscatine,,,,United States,Men,,405 lb,,300 lb,505 lb,256,35:47,3:48,4:32,11:31,,21,22:14,235 lb,
256,Katie Walker,,,,,North Central,Women,,213 lb,,153 lb,313 lb,,,7:13,,,,,,113 lb,
265,Stephen Macioci,CrossFit Ignite,,,,North America East,Men,,325 lb,,235 lb,355 lb,,,,,,,,,165 lb,
289,Tiffany Shipp,CrossFit Rutherford,,,,North America,Women,,145 lb,,105 lb,215 lb,,34:32,8:21,,12:29,,11,26:00,70 lb,1:19
290,Alec Hall-Martinez,,,,,Southern California,Men,,265 lb,,185 lb,365 lb,295,34:36,6:46,3:26,12:34,,30,,155 lb,
294,Julie Tucker,CrossFit Ammo,,,,North America,Women,,240 lb,,155 lb,255 lb,315,,3:19,2:53,9:20,,,,115 lb,1:22
296,Frank DeLoa,CrossFit Omaha,,,,North Central,Men,,405 lb,,295 lb,440 lb,,,5:04,,,,20,,195 lb,
311,Michael Beemer,CrossFit Holly Springs,,"2023 quarterfinals
137th
worldwide",137th,worldwide,Men (55-59),Men (55-59),325 lb,,203 lb,405 lb,,,7:13,,,,19,23:30,155 lb,1:05
335,Kevin O'Shea,Everproven CrossFit,,"2023 open
5199th
worldwide",5199th,worldwide,Men,Men (45-49),305 lb,,225 lb,355 lb,270,33:42,8:00,5:43,,,27,,185 lb,
339,Janne Knudsen,InnerLimit CrossFit,,,,Norway,Women,,128 kg,,90 kg,138 kg,353,20:52,,2:44,,,26,22:16,70 kg,
347,Katie Anderson,CrossFit Ktown,,,,Central East,Women,,220 lb,,157 lb,220 lb,,,,,,,,,140 lb,
350,Isidro Alba,,,,,North America East,Men,,375 lb,,245 lb,480 lb,275,29:28,4:53,2:13,10:53,,48,,155 lb,1:45
365,Ben Van Pelt,CrossFit 601,,"2023 quarterfinals
1458th
North America West",1458th,North America West,Men,Men,410 lb,,337 lb,490 lb,360,,2:47,1:51,8:12,,49,,280 lb,1:02
366,Malthe Jordt,,,,,,,,,,,145 kg,,,3:19,,,,52,,,
406,James Rae,,,,,Southern California,Men,,335 lb,,230 lb,525 lb,347,31:31,6:04,2:45,,,20,24:08,175 lb,
409,Carl Fisher,,,,,North Central,Men,,375 lb,,185 lb,350 lb,,24:00,6:30,,,,,21:00,155 lb,
415,Jared Paterno,,,,,Australia,Men,,,,,,,,3:49,,,,37,,,
418,Charlene Sintic,CrossFit Painesville,,,,Central East,Women (55-59),,170 lb,,115 lb,240 lb,,,,4:31,19:26,,,,82 lb,
426,Katharine Wooten,,,,,South Central,Women,,183 lb,,108 lb,240 lb,,,,,,,11,,78 lb,
435,George Giles III,CrossFit Hippo,,,,United States,Men,,305 lb,,205 lb,415 lb,,,,,,,,,145 lb,
437,Louis Baliotis,,,,,North West,Men,,415 lb,,265 lb,475 lb,331,,5:25,2:41,10:16,,20,,210 lb,1:30
442,Ashton Bagley,CrossFit Antietam,,"2023 quarterfinals
299th
worldwide",299th,worldwide,Women,Women (35-39),355 lb,,185 lb,310 lb,,,,2:06,,,,,155 lb,1:11
447,Zachary Mayer,CrossFit One Day at a Time,,,,North America West,Men,,405 lb,,285 lb,515 lb,384,,3:49,2:46,,,,22:33,225 lb,
448,Joshua Horton,,,,,South East,Men,,285 lb,,155 lb,405 lb,,,,,,,,,135 lb,
470,William Butch Bellenger,,,,,North America,Men,,440 lb,,300 lb,520 lb,299,,4:13,2:11,9:34,,25,22:40,230 lb,1:00
471,Vasileios Eleftherakis,CrossFit Kallithea,,,,Europe,Men,,140 kg,,105 kg,200 kg,,,,,,,,28:35,85 kg,
500,James Braun,CrossFit West Valley,,,,North America,Men,,450 lb,,300 lb,550 lb,367,25:09,2:30,1:15,8:41,,40,23:54,231 lb,1:06
506,Deborah Tweedy,,,,,Southern California,Women,,175 lb,,120 lb,225 lb,,,,,,,,,,
523,Julie Lanigan,,,,,South East,Women (55-59),,135 lb,,85 lb,195 lb,,,,,,,,22:01,75 lb,
541,Katherine Schaefers,Konocti CrossFit,,"2023 open
5614th
worldwide",5614th,worldwide,Women,Women (40-44),205 lb,,158 lb,255 lb,,,5:41,3:43,9:06,,33,22:24,119 lb,
576,Kaitlyn Brickwood,CrossFit Origin,,"2023 quarterfinals
1038th
worldwide",1038th,worldwide,Women,Women (35-39),115 kg,,90 kg,135 kg,,,4:20,1:57,,,,,75 kg,
592,Dann morin,STADD CrossFit,,,,North America East,Men (55-59),,385 lb,,265 lb,425 lb,,,,,,,,,195 lb,
593,Thomas Jankowski,CrossFit 190,,"2023 open
2703rd
worldwide",2703rd,worldwide,Men,Men (40-44),295 lb,,240 lb,385 lb,,,,,,,,,200 lb,
601,Lauren Borducci,,,,,North East,Women,,200 lb,,145 lb,215 lb,,,,,,,,,112 lb,
603,Beth Kane,First Coast CrossFit,,,,North America,Women,,,,,,,,,,,,,20:19,,
604,Jeff Soelberg,,,,,North America,Men Upper Extremity,,300 lb,,155 lb,325 lb,,,,,,,,,,
606,Mac Cabal,Orange Coast CrossFit,,,,United States,Men,,300 lb,,185 lb,345 lb,261,,7:39,5:36,10:58,,,,135 lb,
611,Brandon Blume,Sundown CrossFit,,,,United States,Men,,375 lb,,295 lb,405 lb,,,2:16,1:58,,,,,255 lb,1:08
627,Bernd Steinwender,CrossFit Propolis,,"2023 open
3483rd
worldwide",3483rd,worldwide,Men,Men (40-44),165 kg,,108 kg,200 kg,246,,5:15,2:55,11:50,,,,85 kg,
629,Lori Vickory,CrossFit Jaguar,,,,North America,Women (55-59),,135 lb,,100 lb,190 lb,,,,,,,,,70 lb,
636,Farrukh Zaman,,,,,North America,Men,,245 lb,,165 lb,315 lb,,,,,,,,26:32,115 lb,
643,Jonathan Fuller,,,,,North East,Men,,300 lb,,235 lb,410 lb,254,34:45,5:34,2:46,10:45,,36,23:16,185 lb,
644,Dia-Lynn Keough,CrossFit Summerside,,,,Canada East,Women,,190 lb,,135 lb,260 lb,,,,,,,11,,95 lb,
645,Richard Kittlaus,CrossFit Muse,,"2023 open
795th
worldwide",795th,worldwide,Men,Men (40-44),360 lb,,280 lb,435 lb,,,,2:55,7:59,,56,,230 lb,1:03
650,Renae Docherty,CrossFit 2600,,,,Australasia,Women,,110 kg,,90 kg,140 kg,,,,,,,,,76 kg,
653,Ryan Fuller,CrossFit Hallam,,,,Australasia,Men,,185 kg,,103 kg,210 kg,,,2:42,2:43,7:21,,,,85 kg,1:00
655,Erin Dalzell,CrossFit Semiahmoo,,,,North America West,Men,,305 lb,,,400 lb,,,,,,,,,,
656,Jacob Miskimens,CrossFit Pagosa,,"2023 open
5866th
worldwide",5866th,worldwide,Men,Men (35-39),445 lb,,285 lb,565 lb,,,2:30,2:20,,,50,27:20,225 lb,
657,Chase Clendennen,Grand Mesa CrossFit,,,,United States,Men,,475 lb,,350 lb,555 lb,,,2:44,1:31,,,,31:30,275 lb,
685,Joe Engel,CrossFit Gahanna,,,,North America East,Men,,315 lb,,225 lb,375 lb,,,5:28,4:20,9:09,,32,21:10,185 lb,
690,Stacey Jacobsen,CrossFit Mahopac,,,,North America,Women,,105 lb,,85 lb,185 lb,,,8:03,,,,,,65 lb,
696,Amberley Hudson,Freedom Pointe CrossFit,,"2023 open
9106th
worldwide",9106th,worldwide,Women,Women,315 lb,,231 lb,315 lb,,,3:28,2:29,,,,,185 lb,
705,Kenneth Linnett,,,,,South Central,Men,,,,195 lb,275 lb,187,,,5:30,15:09,,,,165 lb,
711,Robert MacDonald,CrossFit Forward,,,,Mid Atlantic,Men,,305 lb,,,325 lb,,,6:20,4:22,,,,,145 lb,
718,Garret St. Onge,CrossFit Prototype,,,,United States,Men,,295 lb,,265 lb,405 lb,,24:53,5:20,,,,,,,
736,Brian Cowden,,,,,South West,Men,,380 lb,,215 lb,480 lb,,,,,,,,,175 lb,
737,Janet Gers,,,,,North America East,Women,,150 lb,,113 lb,200 lb,235,34:28,,,13:43,,,21:30,87 lb,1:15
750,Filipe Lobo,,,,,Latin America,Men,,253 lb,,225 lb,353 lb,,,5:41,4:14,9:42,,50,21:30,176 lb,1:08
778,Gene Stokes,San Angelo CrossFit,,,,North America West,Men (65+),,275 lb,,185 lb,345 lb,28,35:05,7:39,4:13,,,21,,135 lb,1:45
782,Matt Wallington,,,,,South East,Men,,270 lb,,195 lb,375 lb,298,,4:38,3:07,8:14,,44,,155 lb,
837,Chris Raymund Hernandez,Primal Ape CrossFit,,,,Philippines,Men,,350 lb,,225 lb,405 lb,,31:30,5:36,3:58,,,,,185 lb,1:48
852,Richard Wachsman,CrossFit Barrington,,"2023 quarterfinals
132nd
worldwide",132nd,worldwide,Men,Men (50-54),,,,385 lb,,,,,,,,,155 lb,
853,Leigh Randall,Empire State CrossFit,,,,North America,Men,,335 lb,,240 lb,,329,,3:08,2:42,9:57,,,,185 lb,1:05
872,Jodi Podolas,CrossFit FNA,,,,North America,Women,,285 lb,,210 lb,335 lb,,,,,,,,,165 lb,
875,Stephanie Jones,CrossFit Maven,,,,North America,Women,,255 lb,,185 lb,295 lb,,,2:42,,,,30,,140 lb,
878,Caylah Kareko,CrossFit CULTIVAR,,"2023 open
16393rd
worldwide",16393rd,worldwide,Women,Women,88 kg,,70 kg,105 kg,,,,,,,12,,50 kg,
879,Chris Daggett,CrossFit Aspinock,,,,North America,Men,,280 lb,,185 lb,330 lb,,,,4:47,,,,,135 lb,
893,Evan Smith,Brandywine CrossFit,,"2023 quarterfinals
161st
North America East",161st,North America East,Men,Men,430 lb,,325 lb,425 lb,236,,2:57,2:00,8:30,,40,23:00,245 lb,
907,Kyle Peters,CrossFit Distinction,,"2023 open
13374th
worldwide",13374th,worldwide,Men,Men (35-39),365 lb,,225 lb,410 lb,,,4:58,3:10,10:34,,,,165 lb,
909,Armando Lucero,D-Town CrossFit,,,,North America,Men,,430 lb,,315 lb,565 lb,,,,,,,,,240 lb,
911,Emily Celichowski,CrossFit Iliad,,,,North America,Women,,245 lb,,175 lb,335 lb,,,,,,,,,115 lb,
912,Jason Grossman,CrossFit Blade,,,,North America,Men,,265 lb,,185 lb,315 lb,278,28:30,6:05,,11:43,,20,,140 lb,
917,Dalton Mankin,CrossFit Wild West,,"2023 quarterfinals
131st
North America West",131st,North America West,Men,Men,465 lb,,355 lb,487 lb,,,1:54,2:22,,,50,23:00,280 lb,
921,John Smith,CrossFit Tierra,,"2023 open
6291st
worldwide",6291st,worldwide,Men,Men (45-49),245 lb,,205 lb,325 lb,,,,,,,,,155 lb,
922,Emily Burton,CrossFit Ambrose,,"2023 open
7225th
worldwide",7225th,worldwide,Women,Women (40-44),225 lb,,120 lb,265 lb,256,,,,14:04,,9,,105 lb,1:42
932,Alexander Hall,,,,,Northern California,Men,,355 lb,,215 lb,405 lb,,,3:20,,,,38,,175 lb,
944,Tamara Radtke,,,,,North America,Women,,265 lb,,175 lb,395 lb,319,22:55,3:35,3:50,8:19,,28,25:08,130 lb,1:20
946,Christopher Clement,Tusk CrossFit,,"2023 open
6055th
worldwide",6055th,worldwide,Men,Men (35-39),365 lb,,275 lb,445 lb,362,,3:25,2:09,8:49,,30,25:00,240 lb,
951,Jan van der Bergh,CrossFit Active,,"2023 open
2182nd
worldwide",2182nd,worldwide,Men,Men (35-39),130 kg,,100 kg,165 kg,,,5:35,3:21,8:42,,40,,75 kg,
967,Amy Boyd,CrossFit Framework,,,,Canada West,Women,,250 lb,,175 lb,315 lb,,,,,,,,22:05,,
974,Cory Neel,CrossFit Spokane,,"2023 open
21214th
worldwide",21214th,worldwide,Men,Men,385 lb,,320 lb,485 lb,,,2:24,2:45,9:47,,50,20:30,250 lb,
987,Molly Caton,Timberhead CrossFit,,"2023 open
54302nd
worldwide",54302nd,worldwide,Women,Women,195 lb,,147 lb,255 lb,,,,3:01,,,7,22:00,117 lb,
988,Sean Linehan,CrossFit Cataclysm,,"2023 open
4880th
worldwide",4880th,worldwide,Men,Men (35-39),345 lb,,265 lb,450 lb,,,3:59,2:25,,,32,,225 lb,
993,Andrew Sten,Comanche CrossFit,,"2023 open
7258th
worldwide",7258th,worldwide,Men,Men (45-49),341 lb,,264 lb,385 lb,,,7:40,4:14,12:00,,,33:00,198 lb,
1001,Vanessa Odom,,,,,South Central,Women,,175 lb,,115 lb,245 lb,227,25:15,9:30,4:08,14:44,,,,100 lb,
1006,Amanda Johnson,CrossFit Krypton,,"2023 quarterfinals
332nd
worldwide",332nd,worldwide,Women,Women (40-44),,,,,315,,4:29,2:33,10:08,,,27:54,,
1009,Christopher Everett,CrossFit Unchained,,,,United States,Men,,440 lb,,285 lb,515 lb,,,,3:01,,,40,,250 lb,
1025,Justin Cowart,Geaux CrossFit,,,,North America,Men,,415 lb,,315 lb,475 lb,,,2:36,1:36,7:30,,62,18:00,275 lb,1:00
1037,Marcel Ocampo,CrossFit Del Mar,,,,North America,Men,,305 lb,,,405 lb,,,6:36,6:19,12:36,,17,,135 lb,1:17
1038,Louis Jamison,,,,,South Central,Men,,340 lb,,,425 lb,,,9:25,3:20,12:03,,,,165 lb,
1047,Meredith Lester,Atlas CrossFit,,,,United States,Women,,270 lb,,205 lb,285 lb,,,,2:47,,,20,23:08,180 lb,
1050,Sway Fontanez,Bat City CrossFit,,"2023 open
12124th
worldwide",12124th,worldwide,Men,Men (40-44),350 lb,,250 lb,425 lb,309,,3:53,,9:00,,,,205 lb,1:09
1055,Wendy Desjarlais,,,,,North America,Women,,255 lb,,155 lb,303 lb,,,,4:47,,,9,,125 lb,1:51
1061,Anthony Brown-Bergtold,CrossFit Twenty Pound Hammer,,"2023 quarterfinals
452nd
North America West",452nd,North America West,Men,Men,500 lb,,352 lb,500 lb,,,2:19,1:34,,,,,275 lb,
1093,Randal Sanchez,CrossFit 469,,,,North America,Men,,346 lb,,245 lb,475 lb,,,3:31,2:49,,,,,205 lb,
1099,Ame Suzuki,CrossFit Santa Cruz Central,,,,North America,Women,,230 lb,,135 lb,280 lb,,,,,,,,,,
1126,Jens Dinies,CrossFit Rhein-Neckar,,,,Europe Central,Men,,,,,110 kg,,,,,,,10,21:00,,
1135,Peter Schnabl,,,,,Europe,Men,,150 kg,,105 kg,170 kg,,,4:32,3:57,,,51,,85 kg,
1139,Nick Sharpe,CrossFit NorWest,,"2023 open
1911th
worldwide",1911th,worldwide,Men,Men (40-44),163 kg,,120 kg,210 kg,278,,4:00,3:15,8:30,,25,23:00,90 kg,1:07
1149,Jonathan Cragle,CrossFit i1uvit,,"2023 open
2691st
worldwide",2691st,worldwide,Men (55-59),Men (55-59),340 lb,,235 lb,485 lb,,,,3:19,,,,,175 lb,1:17
1152,Anders Strand,CrossFit Groruddalen,,,,Europe,Men,,140 kg,,110 kg,180 kg,277,,4:43,3:45,11:25,,5,,78 kg,
1157,Ashley Cabral,LumberYard CrossFit,,,,North America,Women,,255 lb,,205 lb,275 lb,,,,2:08,,,,,150 lb,
1159,Grant Moseby,Diep River CrossFit,,,,Africa,Men,,180 kg,,150 kg,222 kg,403,16:57,2:39,1:47,7:38,,,,125 kg,
1161,Viki Trimcevski,Freezing Hot CrossFit,,"2023 quarterfinals
310th
worldwide",310th,worldwide,Women,Women (45-49),110 kg,,70 kg,130 kg,,,,,,,20,,42 kg,
1162,Ari Nurminen,CrossFit 162 West,,"2023 quarterfinals
65th
worldwide",65th,worldwide,Men,Men (45-49),190 kg,,138 kg,260 kg,301,,,,,,,,105 kg,1:04
1167,Kevin Lam,CrossFit NCR 2,,"2023 open
43739th
worldwide",43739th,worldwide,Men,Men,275 lb,,207 lb,325 lb,,,6:34,2:48,,,28,25:28,175 lb,
1182,Martin Juel Jensen,Spartan Mentality CrossFit,,,,Denmark,Men,,150 kg,,105 kg,170 kg,340,26:20,2:59,,8:02,,33,20:57,80 kg,
1193,Jane Drinkwater,,,,,North East,Women,,165 lb,,125 lb,260 lb,,,,,,,,21:00,90 lb,1:20
1195,Coral Florian,,,,,Australia,Women,,90 kg,,40 kg,110 kg,,,,,11:24,,,,34 kg,
1199,Marco Fantuzzi,,,,,Europe,Men,,140 kg,,100 kg,170 kg,,18:48,3:49,,8:20,,39,,80 kg,
1207,Jayne Arbo,CrossFit Manatee,,"2023 quarterfinals
130th
worldwide",130th,worldwide,Women (60-64),Women (60-64),190 lb,,110 lb,225 lb,,43:03,8:58,4:14,,,10,27:32,85 lb,
1215,Bernard Faria,,,,,Latin America,Men,,265 lb,,245 lb,325 lb,,,,6:23,,,42,26:20,195 lb,
1226,Chase Hyland,,,,,North Central,Men,,365 lb,,225 lb,,,,,,,,,,,
1230,Rajesh Drone,CrossFit Torden,,,,South America,Men,,325 lb,,205 lb,415 lb,350,,6:54,7:55,12:00,,,30:00,155 lb,
1239,Giacomo Marconi,,,,,Europe,Men,,110 kg,,80 kg,145 kg,,,,,,,25,25:00,55 kg,
1243,Manuel Alonzo,K2 CrossFit,,"2023 quarterfinals
838th
North America West",838th,North America West,Men,Men,440 lb,,295 lb,465 lb,,,,,,,,,231 lb,
1246,Donna Wilson,CrossFit Camden Valley,,"2023 open
1992nd
worldwide",1992nd,worldwide,Women (55-59),Women (55-59),85 kg,,55 kg,103 kg,,,6:36,6:01,10:55,,,,40 kg,
1254,Matthieu Filteau,,,,,Canada East,Men,,375 lb,,255 lb,475 lb,,,,,,,,20:10,205 lb,0:59
1277,Ryan Norton,CrossFit Sisyphus,,,,Oceania,Men,,132 kg,,100 kg,160 kg,251,25:56,6:11,5:46,9:36,,31,20:33,75 kg,1:11
1291,Dan Sanders,CrossFit SY1,,,,Europe Central,Men,,145 kg,,90 kg,210 kg,,,,,,,,,70 kg,
1294,Justin Bullock,,,,,,,,325 lb,,,475 lb,,,,,,,,,275 lb,1:02
1299,Elsa Lim,CrossFit Kantok,,,,Oceania,Women,,85 kg,,65 kg,120 kg,,,5:36,,9:58,,,25:10,55 kg,
1321,Elizabeth Anderson,,,,,South East,Women,,145 lb,,120 lb,180 lb,,,,,,,,,80 lb,
1328,Jason Lacayo,NorthEast CrossFit Hawthorne,,,,North America,Men,,515 lb,,325 lb,610 lb,318,,2:32,1:30,7:58,,55,22:01,280 lb,1:05
1333,Scott Switzer,CrossFit Polaris,,"2023 open
7632nd
worldwide",7632nd,worldwide,Men,Men (50-54),468 lb,,225 lb,365 lb,209,39:26,9:48,3:39,17:19,,7,33:54,165 lb,
1347,Natalie Main,CrossFit Big Guava,,,,United States,Women,,165 lb,,105 lb,205 lb,310,31:40,9:46,,15:06,,10,29:52,85 lb,
1353,Seth Smith,Wasatch CrossFit,,,,South West,Men,,385 lb,,290 lb,515 lb,,,2:26,,,,,,205 lb,
1363,Randy Edwards,CrossFit Equity,,,,North America,Men,,315 lb,,245 lb,435 lb,,,,,,,,,185 lb,
1373,Alexis Troianos,,,,,North East,Women,,275 lb,,,,,,4:08,2:45,,,,,,
1387,Jonas Hetland Mong,Grenland CrossFit,,,,Norway,Men,,195 kg,,150 kg,230 kg,,,2:40,,,,49,,125 kg,
1391,Leo Acosta,CrossFit Infernal,,"2023 open
4902nd
worldwide",4902nd,worldwide,Men,Men (35-39),415 lb,,275 lb,485 lb,,,2:39,,,,,,205 lb,
1393,Erica Leggins,,,,,South East,Women,,,,,165 lb,,39:20,7:31,,16:10,,,28:15,,
1411,Sean Correia,,,,,South East,Men,,315 lb,,245 lb,515 lb,,,,,,,22,,180 lb,
1427,Tom Boyter,,,,,Canada East,Men,,295 lb,,225 lb,405 lb,,,,,,,15,,145 lb,
1432,Roberto Castriota Skanderbeg,,,"2023 quarterfinals
53rd
worldwide",53rd,worldwide,Men (55-59),Men (55-59),,,,190 kg,,,,,,,43,,75 kg,
1439,Lindsay Conologue,,,,,North East,Women,,205 lb,,155 lb,235 lb,272,,5:04,3:43,,,,24:25,110 lb,
1440,Geir Ove Pettersen,CrossFit Øyro,,"2023 open
51318th
worldwide",51318th,worldwide,Men,Men,117 kg,,80 kg,130 kg,,,,5:25,8:53,,,,65 kg,
1443,Valarie Wilson,CrossFit St. Catharines,,,,North America,Women,,200 lb,,135 lb,330 lb,,,4:59,3:50,,,20,,100 lb,
1445,Scott Lofquist,Fountain City CrossFit,,"2023 open
1273rd
worldwide",1273rd,worldwide,Men (60-64),Men (60-64),185 kg,,100 kg,200 kg,265,,7:10,2:21,,,20,,92 kg,
1450,Colum McCann,CrossFit Newry,,,,United Kingdom,Men,,170 kg,,110 kg,190 kg,,,,,,,,,95 kg,
1463,Derek Hogan,CrossFit Newton,,,,North America,Men,,230 lb,,,305 lb,,,6:03,,9:45,,24,20:45,,
1471,Michael Paul,Triple Crown CrossFit,,,,North America East,Men,,415 lb,,265 lb,440 lb,,,8:03,2:38,10:41,,15,25:03,200 lb,1:50
1473,Rhett Barber,CrossFit Lions Den,,,,North America,Men,,370 lb,,265 lb,350 lb,,,,,,,,,205 lb,
1490,Deshawn Smith,CrossFit Invictus,,,,North America,Men,,475 lb,,375 lb,545 lb,,,2:19,,,,,,295 lb,
1504,Douglas Welk,Capital City CrossFit,,,,United States,Men,,305 lb,,190 lb,,,,,,,,,,,
1512,Phoebi Crawford,,,,,North America,Women,,325 lb,,160 lb,335 lb,,,,,,,,,125 lb,
1519,Elliott Echols,CrossFit DC,,"2023 quarterfinals
962nd
North America East",962nd,North America East,Men,Men,375 lb,57:53,275 lb,435 lb,,,,,,,,,205 lb,
1531,Joe Fonseca,,,,,North West,Men,,,,,255 lb,,,,,,,,19:42,,
1547,annette kurzdorfer,,,,,Mid Atlantic,Women,,215 lb,,155 lb,265 lb,295,,5:09,,,,10,21:14,115 lb,
1570,Francois Boucher,CrossFit Quebec City,,"2023 open
1117th
worldwide",1117th,worldwide,Men,Men (40-44),315 lb,,225 lb,385 lb,,,3:12,,,,50,4:21,165 lb,
1574,Vincent Petruzziello,CrossFit Speakeasy,,"2023 open
1004th
worldwide",1004th,worldwide,Men,Men (50-54),320 lb,,215 lb,405 lb,310,,4:30,2:24,8:28,,37,25:13,,1:18
1577,Dustin Cowden,,,,,North America,Men,,395 lb,,295 lb,525 lb,,,2:38,,,,,22:06,220 lb,
1591,Dikla Vrolijk,,,,,Europe,Women,,55 kg,,55 kg,85 kg,,,,,,,3,23:00,45 kg,
1609,jacob adams,,,,,,,,200 lb,,200 lb,360 lb,,,6:30,,,,30,,175 lb,
1610,Bonnie MacDonald,,,,,,,,257 lb,,155 lb,315 lb,,,3:56,2:11,8:58,,,,,
1619,Jeff Gresko,Burg CrossFit,,,,North America,Men,,325 lb,,245 lb,385 lb,236,29:59,4:32,2:54,10:58,,43,21:29,190 lb,0:58
1622,Karthik Gunnia,CrossFit Gantry,,"2023 open
24655th
worldwide",24655th,worldwide,Men,Men (35-39),245 lb,,160 lb,300 lb,,,,,,,,,100 lb,
1635,Sara Shannon,Stability CrossFit,,,,North America,Women,,250 lb,,145 lb,290 lb,,,,,,,,,110 lb,
1637,Alexandr Papp,,,,,Europe,Men,,120 kg,,60 kg,170 kg,,,12:11,,,,7,,65 kg,
1690,William Schneider,Outlier CrossFit,,"2023 quarterfinals
485th
worldwide",485th,worldwide,Men,Men (45-49),357 lb,,245 lb,415 lb,,,3:30,2:30,,,30,20:30,190 lb,1:19
1693,Ryan Holmes,Oregon CrossFit,,,,West Coast,Men,,365 lb,,275 lb,520 lb,,,,,,,,,185 lb,
1704,Bill McClain,,,,,,,,335 lb,,255 lb,435 lb,320,,3:20,5:30,9:44,,50,,225 lb,
1717,Daniel Webbe,,,,,Canada West,Men,,,,,475 lb,,,2:43,2:34,,,63,,,
1719,Kenneth Daniel,,,,,South West,Men,,465 lb,,315 lb,510 lb,,,3:05,,,,40,,245 lb,
1726,Britt Treece,,,,,,,,280 lb,,,335 lb,,,,,,,,,,1:22
1727,Danny Garcia,,,,,South Central,Men,,310 lb,,210 lb,330 lb,,,,,,,15,29:10,160 lb,
1742,Janelle Page,,,,,,,,,,,,,23:08,,,,,,,,
1746,Nelson Aguas,CrossFit LYFE,,"2023 open
1487th
worldwide",1487th,worldwide,Men,Men (45-49),,,,,,,,2:56,,,,,,
1768,Rachel Anderson,CrossFit REstore,,"2023 open
244th
worldwide",244th,worldwide,Women,Women (45-49),295 lb,,190 lb,300 lb,,,3:42,2:53,,,30,,150 lb,
1772,Joe Cotter,3 Star CrossFit,,,,North America,Men,,340 lb,,225 lb,445 lb,,36:11,6:07,3:42,13:37,,24,30:39,175 lb,1:24
1773,Kyle Kirk,,,,,Mid Atlantic,Men,,405 lb,,315 lb,495 lb,,,2:15,2:00,,,40,,225 lb,
1792,Kendra Ross,CrossFit Northern Kentucky,,,,United States,Women,,185 lb,,130 lb,255 lb,333,,4:15,4:05,,,,,100 lb,2:30
1796,Marie Auten,,,,,United States,Women,,165 lb,,125 lb,215 lb,,31:35,,,,,,,90 lb,
1804,Erik Cole,CrossFit Ready to Live,,,,North America West,Men,,435 lb,,345 lb,475 lb,396,,2:35,1:32,,,,,255 lb,1:00
1805,Hayley Beauchamp,CrossFit Sweat Shop,,"2023 open
7036th
worldwide",7036th,worldwide,Women,Women,310 lb,,215 lb,365 lb,351,,,2:00,9:43,,,,165 lb,1:14
1813,Marcos Rivera,CrossFit Max Effort,,,,South West,Men,,395 lb,,325 lb,455 lb,,,2:23,1:27,8:10,,55,,265 lb,
1826,Abby Leshikar,CrossFit Cumming,,,,United States,Women,,235 lb,,155 lb,310 lb,316,,3:24,2:51,9:24,,41,,115 lb,
1830,Christopher Meyer,Grassroots CrossFit,,,,United States,Men,,385 lb,,285 lb,385 lb,360,,2:53,2:27,8:02,,45,,235 lb,1:00
1833,Kody Fairfield,Resolution CrossFit,,"2023 open
49365th
worldwide",49365th,worldwide,Men,Men,365 lb,,280 lb,455 lb,,,2:49,,8:29,,55,21:01,205 lb,
1844,John-Boy Hahn,,,,,Canada East,Men,,335 lb,,215 lb,400 lb,328,30:00,3:57,,9:45,,,24:20,165 lb,
1851,Michael Marsan,CrossFit Randolph,,,,North America,Men (55-59),,245 lb,,195 lb,,235,,7:37,,,,15,24:30,145 lb,1:05
1866,Anne Nord,CrossFit Coeur d'Alene,,,,North America,Women,,170 lb,,122 lb,245 lb,,,,,,,,,,1:16
1867,Mike Smith,Pennant CrossFit,,,,North East,Men,,375 lb,,295 lb,505 lb,313,20:08,3:12,2:46,8:18,,29,18:37,220 lb,0:57
1879,Christopher Kehrli,1884 CrossFit,,,,United States,Men,,355 lb,,215 lb,345 lb,249,29:13,,,,,,,175 lb,
1888,Liz Hagner,Ardent CrossFit,,,,North America East,Women,,260 lb,,175 lb,345 lb,,,,,,,,,125 lb,
1889,Joseph Clarke,Port CrossFit,,,,North America,Men,,315 lb,,250 lb,385 lb,,,,,,,,,200 lb,
1891,Jill Godzilevsky,,,,,North America,Women,,210 lb,,160 lb,265 lb,263,36:01,4:05,5:12,15:38,,22,28:30,120 lb,
1898,Stein Elvsveen,,,,,,,,105 kg,,,140 kg,,,,,9:27,,,,61 kg,
1908,Tessa Lane,CrossFit Limitless Eachtraíocht,,,,North America,Women,,240 lb,,205 lb,250 lb,,,,,,,,,165 lb,
1912,Natalie Martinez,CrossFit Mantra,,,,Central East,Women (55-59),,125 lb,,100 lb,185 lb,235,39:20,,5:08,,,,29:38,75 lb,3:46
1921,Christopher Schmitz,CrossFit Bearden,,,,North America East,Men,,500 kg,,500 kg,500 kg,999,,,,,,1,23:00,500 kg,0:23
1924,Natacha Hogan,CrossFit Haapu,,,,Canada,Women,,145 lb,,125 lb,220 lb,,,,,,,2,,95 lb,
1928,Eryn Goldberg,,,,,Mid Atlantic,Women,,255 lb,,185 lb,325 lb,376,22:44,3:44,2:15,8:06,,35,,150 lb,
1932,Nathan Geard,CrossFit Agema,,,,Oceania,Men,,200 kg,,135 kg,230 kg,,,,,,,,,110 kg,
1934,Brian Llewellyn,CrossFit Criterion,,,,North Central,Men,,450 lb,,,545 lb,415,,,1:56,,,,,265 lb,
1944,Jan Larsen,CrossFit Bornholm,,,,Europe,Men,,80 kg,,70 kg,120 kg,100,45:00,10:00,5:00,,,5,,60 kg,
1949,Christian Roness,CrossFit Sagene,,"2023 quarterfinals
154th
worldwide",154th,worldwide,Men,Men (35-39),,,,,,,,,,,,19:23,,
1952,Matt Moody,CrossFit Adrenaline,,"2023 open
6751st
worldwide",6751st,worldwide,Men,Men (35-39),300 lb,,250 lb,,,,,2:27,,,30,,210 lb,
1953,David Greene,CrossFit Spero,,,,North America East,Men,,420 lb,,,500 lb,309,25:44,6:38,,,,,,165 lb,
1956,Bobby Coppage,Warrior Pride Fitness CrossFit,,"2023 open
3088th
worldwide",3088th,worldwide,Men,Men (40-44),405 lb,,305 lb,415 lb,368,,3:38,2:13,9:15,,44,19:40,225 lb,0:59
1980,Andrea Colarossi,,,,,Europe,Men,,161 kg,,136 kg,175 kg,300,,3:05,2:04,9:09,,50,21:53,105 kg,1:16
1987,Rebecca Standen,179 CrossFit,,"2023 open
650th
worldwide",650th,worldwide,Women,Women (35-39),95 kg,,75 kg,135 kg,,,,,,,20,20:00,60 kg,1:12
1993,Tana Diamond,CrossFit The Club,,,,North America,Women,,265 lb,,195 lb,,,,,,7:16,,,,155 lb,
1997,Mark Harris,Gas City CrossFit,,,,North America,Men,,385 lb,,195 lb,435 lb,278,35:35,7:47,3:30,11:17,,19,21:15,165 lb,0:58
1998,Trenton Tallent,CrossFit Sua Sponte West,,,,North America,Men,,420 lb,,300 lb,505 lb,,,2:15,2:07,7:55,,60,19:55,225 lb,1:04
2008,Gayle Howard,CrossFit St. Cloud,,"2023 open
269th
worldwide",269th,worldwide,Women (60-64),Women (60-64),163 lb,,127 lb,238 lb,,,,,,,16,,97 lb,
2019,Eric Ryzl,CrossFit Campbell,,"2023 open
10281st
worldwide",10281st,worldwide,Men,Men (40-44),385 lb,,255 lb,505 lb,309,22:15,4:28,1:53,8:57,,,,215 lb,1:22
2022,Jon Penkower,CrossFit Danville,,,,North America,Men,,305 lb,,195 lb,365 lb,321,23:42,4:20,3:12,8:40,,41,21:40,,1:10
2027,Daniel Pineda,CrossFit Medis,,"2023 open
2963rd
worldwide",2963rd,worldwide,Men,Men (50-54),130 kg,,60 lb,125 kg,,,10:53,,,,,,,
2035,Shai Pritz,,,,,South East,Men,,,,,,,,,,,,,,,1:16
2041,Victoria Foote,CrossFit Cirencester,,,,Europe,Women,,95 kg,,55 kg,120 kg,,,,,,,10,23:10,40 kg,
2051,James O'Meeghan,,,,,Africa,Men,,370 lb,,245 lb,370 lb,,20:48,3:36,,8:35,,,19:30,215 lb,
2054,Jason Ash,,,,,North East,Men,,225 lb,,155 lb,335 lb,,,,,,,16,,135 lb,
2058,Kyle O'Brien,,,,,North Central,Men,,370 lb,,310 lb,470 lb,,,2:24,1:54,,,36,18:32,250 lb,
2059,Anders Sorlin,F4L CrossFit,,,,Sweden,Men,,180 kg,,140 kg,206 kg,,,,3:22,,,20,,105 kg,
2072,Chris Lane,CrossFit MF,,"2023 open
3497th
worldwide",3497th,worldwide,Men,Men (35-39),375 lb,,255 lb,470 lb,,,3:10,,,,32,,215 lb,
2077,Del Sur Del Sur,,,,,Latin America,Men,,100 kg,,80 kg,70 lb,,,,,,,,,45 kg,
2087,Prudence Meads,Maverick CrossFit,,,,United States,Women,,195 lb,,,265 lb,,,,,,,,21:56,,
2090,Laura Budny,CrossFit 215,,,,United States,Women,,225 lb,,140 lb,265 lb,,,,,,,,,100 lb,
2099,Michael Newton,CrossFit Reignited Leland,,,,United States,Men,,340 lb,,235 lb,435 lb,304,23:38,3:44,3:15,8:00,,30,,155 lb,
2107,Maria Run Thorsteinsdottir,CrossFit Hengill,,,,Europe,Women,,118 kg,,80 kg,125 kg,,,,,,,,,71 kg,
2112,Daniel Lennon,CrossFit 623,,,,North America,Men,,265 lb,,225 lb,335 lb,,,,5:00,9:30,,40,20:00,165 lb,
2126,Jonathan Miller,,,,,Southern California,Men,,375 lb,,235 lb,510 lb,,,3:47,,,,32,22:16,165 lb,53:00
2130,Dwight Upshaw,CrossFit PRVN,,,,North America,Men,,425 lb,,305 lb,565 lb,398,20:50,2:11,1:46,6:59,,60,17:15,265 lb,0:59
2131,Kate Walker,,,,,,,,78 kg,,54 kg,90 kg,,,,,,,,,35 kg,
2139,Kenneth Martinez,CrossFit Westchester,,,,United States,Men,,27 lb,,225 lb,285 lb,,,,,,,20,,175 lb,
2152,Benjamin Duenes,CrossFit Modern,,"2023 open
14884th
worldwide",14884th,worldwide,Men,Men (35-39),320 lb,,270 lb,486 lb,261,,7:35,3:57,,,22,,196 lb,
2153,Katy Tavog,,,"2023 quarterfinals
39th
worldwide",39th,worldwide,Women (55-59),Women (55-59),230 lb,,150 lb,245 lb,,,4:22,3:43,,,,,120 lb,
2157,Ben Dawkins,,,,,South East,Men,,310 lb,,240 lb,385 lb,280,,4:26,2:49,,,35,23:57,170 lb,1:02
2173,Chris Armesto,,,"2023 open
5148th
worldwide",5148th,worldwide,Men,Men,385 lb,,30 lb,455 lb,,,2:27,1:59,,,60,21:00,220 lb,
2174,Ryan Adams,,,,,Mid Atlantic,Men,,345 lb,,255 lb,475 lb,453,24:23,3:44,2:32,9:10,,,21:43,205 lb,
2184,Lisa Nims,CrossFit AC,,,,United States,Women,,205 lb,,145 lb,,,,,,,,,,105 lb,
2189,Brittany Storms,CrossFit Bison,,"2023 open
3496th
worldwide",3496th,worldwide,Women,Women (35-39),170 lb,,150 lb,225 lb,,,,3:50,9:46,,,,120 lb,
2193,Jessica Songer,Bulldog CrossFit,,,,United States,Women,,300 lb,,180 lb,335 lb,280,,,2:48,,,,,130 lb,
2211,Michael Gorman,,,,,Europe,Men,,,,,,,,8:31,,,,,,,
2212,Ann Ladouceur,Physics CrossFit,,,,Canada East,Women,,285 lb,,202 lb,300 lb,,,,,,,,,167 lb,
2217,Brian Blake,Amoeba CrossFit,,,,North America,Men,,285 lb,,185 lb,365 lb,246,,8:14,,11:36,,,,135 lb,
2226,Alexander Glueckler,CrossFit Mafia,,"2023 open
6440th
worldwide",6440th,worldwide,Men,Men (35-39),175 kg,,113 kg,221 kg,,,2:52,,7:35,,,25:08,85 kg,0:54
2231,Jason Marks,,,,,South Central,Men,,365 lb,,275 lb,420 lb,,,,,,,70,18:30,220 lb,0:52
2241,Shawn Seamons,,,,,North America West,Men,,285 lb,,185 lb,345 lb,,,8:00,3:02,10:16,,30,18:30,165 lb,1:20
2242,Arielle Loewen,,,"2023 games
3rd
worldwide",3rd,worldwide,Women,Women,300 lb,,235 lb,345 lb,,,2:15,1:22,8:00,,55,18:38,191 lb,1:03
2254,Natasha Hawkins,,,,,Northern California,Women,,190 lb,,145 lb,245 lb,,,6:20,,10:13,,6,,120 lb,
2258,Dan Hoegh,Choctaw CrossFit,,,,North America West,Men,,315 lb,,285 lb,405 lb,,,2:30,2:03,,,52,21:31,215 lb,1:20
2272,Ryan Miller,,,"2023 open
1914th
worldwide",1914th,worldwide,Men,Men (35-39),345 lb,,255 lb,420 lb,372,18:25,4:36,2:10,9:57,,51,20:21,225 lb,1:11
2280,Lyman Hiter III,CrossFit Immense,,"2023 quarterfinals
234th
worldwide",234th,worldwide,Men,Men (40-44),445 lb,,335 lb,525 lb,349,22:12,2:27,1:49,8:36,,50,24:04,270 lb,
2282,Andrea Miller,,,"2023 open
2750th
worldwide",2750th,worldwide,Women,Women (35-39),245 lb,,175 lb,245 lb,234,,,3:16,,,,,125 lb,
2286,Calvin Kenan,CrossFit Seven Storms,,"2023 quarterfinals
1630th
worldwide",1630th,worldwide,Men,Men (35-39),355 lb,,275 lb,420 lb,410,25:26,2:36,2:15,6:38,,50,19:03,225 lb,1:07
2295,Tom Gilbert,CrossFit Athens,,,,North America East,Men (65+),,275 lb,,,335 lb,,,,,,,,,,
2296,Corey Thompson,,,,,Australia,Men,,150 kg,,100 kg,160 kg,,,,,,,,,81 kg,
2305,Hien Gordon,NorCal CrossFit Redwood City,,,,West Coast,Women,,210 lb,,165 lb,285 lb,294,,,2:55,11:46,,,,125 lb,
2306,Richard Hoar,,,"2023 open
3465th
worldwide",3465th,worldwide,Men,Men (40-44),355 lb,,225 lb,405 lb,,,2:56,3:33,8:56,,,,155 lb,
2307,Sarah Lorenzini,CrossFit 203,,"2023 open
6061st
worldwide",6061st,worldwide,Women,Women (40-44),183 lb,,118 lb,215 lb,,,,,,,,,63 lb,
2309,Tony Skinner,CrossFit Anarchy,,,,Australasia,Men,,180 kg,,105 kg,220 kg,,,2:42,1:38,7:42,,66,23:39,80 kg,0:59
2322,Paul Michael Aguilar,Big Bang CrossFit,,,,North America,Men,,31 lb,,205 lb,367 lb,,,,,,,26,,155 lb,
2338,Peter Nellis,Motor City CrossFit,,,,North America,Men,,425 lb,,310 lb,455 lb,354,,2:16,2:08,,,60,22:00,250 lb,
2352,James Minton,Full Tilt CrossFit,,,,North America,Men,,455 lb,,335 lb,505 lb,529,,2:48,1:43,8:25,,50,21:58,255 lb,0:59
2355,Jonathon Arrow,CrossFit Panther City,,"2023 open
9925th
worldwide",9925th,worldwide,Men,Men (35-39),350 lb,,275 lb,450 lb,315,,4:58,2:03,10:25,,25,22:16,220 lb,1:25
2364,Thomas Mellor,CrossFit Invictus,,,,United States,Men,,305 lb,,210 lb,385 lb,210,25:10,6:56,3:54,10:46,,27,21:56,155 lb,1:01
2368,Sarah Pryal,CrossFit Vertex,,,,North America East,Women,,235 lb,,160 lb,240 lb,,,4:26,4:27,,,21,,115 lb,
2369,Jared Ziesmer,CrossFit Allectus,,"2023 open
551st
worldwide",551st,worldwide,Men,Men (35-39),375 lb,,275 lb,415 lb,,,2:30,2:45,,,40,23:20,220 lb,
2375,Lewis Opheim,CrossFit OFC,,"2023 open
10332nd
worldwide",10332nd,worldwide,Men,Men (40-44),275 lb,,195 lb,365 lb,310,27:31,6:27,4:11,10:37,,39,23:28,155 lb,1:10
2380,joseph villacorta,The Roost CrossFit,,"2023 open
2615th
worldwide",2615th,worldwide,Men,Men (50-54),275 lb,,185 lb,330 lb,315,25:52,5:34,4:28,9:22,,,22:30,155 lb,
2404,Lindsay Rainwater,CrossFit New England,,,,North America,Women,,280 lb,,205 lb,300 lb,,,,,,,,,170 lb,
2409,Ben Thatcher,CrossFit Strenue,,,,Australasia,Men,,170 kg,,115 kg,205 kg,,,4:00,4:10,8:32,,47,20:00,86 kg,
2410,Diane Tortora,Tolland CrossFit,,,,North America,Women (65+),,165 lb,,,225 lb,,,,,,,,,,
2418,Emily Creswick,CrossFit Crossaxed,,"2023 open
1355th
worldwide",1355th,worldwide,Women,Women (35-39),104 kg,,75 kg,111 kg,387,25:20,4:45,1:49,,,8,24:04,52 kg,
2445,Angela Long,CrossFit Vise,,,,United States,Women (55-59),,245 lb,,135 lb,275 lb,,36:00,4:50,8:45,12:00,,20,30:58,110 lb,
2447,Patrick Lee,CrossFit Dilworth,,"2023 open
24926th
worldwide",24926th,worldwide,Men,Men,365 lb,,250 lb,370 lb,,,,4:28,11:08,,15,,190 lb,
2487,Charles Lavallee,,,,,Canada East,Men,,350 lb,,250 lb,450 lb,,,,,,,,,185 lb,
2493,Greg Moulton,,,"2023 open
16895th
worldwide",16895th,worldwide,Men,Men (40-44),310 lb,,215 lb,375 lb,,,12:03,,,,9,,135 lb,1:18
2506,Katherine Whitman,,,,,North East,Women,,225 lb,,135 lb,245 lb,276,,9:27,4:11,,,12,,,
2520,Alexander Molev,,,,,Africa,Men,,115 kg,,,,,,,,,,,,53 kg,
2526,Julie Hansen,CrossFit Unsung,,"2023 open
398th
worldwide",398th,worldwide,Women (60-64),Women (60-64),165 lb,,105 lb,215 lb,,,,,,,,,,
2528,Michael Henninger,CrossFit Combustion,,"2023 quarterfinals
413th
worldwide",413th,worldwide,Men,Men (40-44),435 lb,,310 lb,555 lb,354,,,2:02,9:41,,,21:34,255 lb,1:19
2534,Ricky Moore,CrossFit Greater Heights,,"2023 open
3567th
worldwide",3567th,worldwide,Men,Men,506 lb,,340 lb,484 lb,,,1:53,,,,51,19:23,264 lb,
2542,Scott Neal,,,,,North America,Men,,415 lb,,300 lb,490 lb,,,2:43,1:58,,,55,,260 lb,
2548,Heather Bondhus,CrossFit St. Cloud,,"2023 open
4147th
worldwide",4147th,worldwide,Women,Women (45-49),193 lb,,135 lb,263 lb,,,,,,,,28:30,93 lb,
2560,Stephen Bosse,CrossFit Thin Blue Line,,,,North America,Men,,405 lb,,275 lb,495 lb,,,3:49,,,,40,,205 lb,
2564,Jason VonderLinden,,,,,North East,Men,,285 lb,,185 lb,385 lb,,,5:30,,,,,,130 lb,
2571,Krista Janeczko,CrossFit Gahanna,,"2023 open
4427th
worldwide",4427th,worldwide,Women,Women (35-39),200 lb,,170 lb,265 lb,316,,5:54,2:45,11:20,,10,,130 lb,1:09
2572,Brian Escobar,,,,,Southern California,Men,,315 lb,,255 lb,415 lb,,,,,7:43,,27,20:05,195 lb,
2574,Bryne Curtiss,CrossFit Summa,,"2023 open
6865th
worldwide",6865th,worldwide,Men,Men (50-54),215 lb,,165 lb,280 lb,234,,8:54,5:53,13:36,,15,26:19,130 lb,1:19
2588,Anthony Campana,CrossFit Proprius,,,,United States,Men,,225 lb,,125 lb,315 lb,202,,8:00,,10:46,,21,,125 lb,1:19
2594,Justin Biays,CrossFit Barkada,,,,South West,Men,,445 lb,,335 lb,445 lb,,,2:24,,,,63,19:42,295 lb,
2598,Rachel Woods,Crooked Letter CrossFit,,"2023 quarterfinals
490th
worldwide",490th,worldwide,Women,Women (35-39),110 kg,,92 kg,152 kg,321,,4:03,,,,,,76 kg,
2604,Danielle Kennedy,,,"2023 open
11099th
worldwide",11099th,worldwide,Women,Women (35-39),275 lb,,175 lb,305 lb,309,22:20,4:44,2:22,10:12,,15,,115 lb,
2607,Angel Rodriguez,CrossFit Boynton Beach,,"2023 open
2462nd
worldwide",2462nd,worldwide,Men,Men,430 lb,,320 lb,500 lb,,,2:01,,,,45,,250 lb,1:15
2608,Damianos Contopoulos,Babylon CrossFit,,"2023 open
2470th
worldwide",2470th,worldwide,Men,Men (45-49),380 lb,,275 lb,505 lb,344,23:32,3:54,2:16,9:24,,20,25:00,210 lb,
2611,Adam Black,CrossFit Zone,,"2023 quarterfinals
143rd
North America West",143rd,North America West,Men,Men,405 lb,,315 lb,475 lb,,,2:09,1:39,7:57,,51,19:15,250 lb,0:57
2627,Annabelle Alsobrooks,Starkville CrossFit,,"2023 quarterfinals
36th
worldwide",36th,worldwide,Women,Women (45-49),242 lb,,170 lb,265 lb,318,24:58,3:36,2:15,9:45,,,25:59,115 lb,
2636,Jason Rosete,,,,,South East,Men,,325 lb,,275 lb,435 lb,311,25:12,3:36,3:07,9:57,,35,,175 lb,
2639,Nicholas Philpot,Decima CrossFit,,,,North America West,Men,,400 lb,,295 lb,515 lb,,,2:59,,,,30,,235 lb,
2642,James Stanic,,,,,Northern California,Men,,,,,485 lb,,16:47,3:04,,8:19,,47,17:40,,
2657,Robyn Lang,,,,,North West,Women,,225 lb,,145 lb,275 lb,325,29:51,4:32,,10:49,,,,100 lb,
2663,Brian Collins,,,,,North Central,Men,,175 kg,,145 kg,235 kg,,,2:47,1:47,,,41,23:00,110 kg,1:02
2674,Reece Godinet,,,,,Australia,Men,,160 kg,,115 kg,180 kg,,,3:56,,,,40,,90 kg,0:49
2675,Max Fillion,CrossFit BCFJ,,"2023 quarterfinals
1618th
North America East",1618th,North America East,Men,Men,345 lb,,275 lb,385 lb,,,,,,,,20:48,225 lb,1:16
2684,Steven Geldard,,,,,South Central,Men,,390 lb,,281 lb,435 lb,363,22:17,3:11,1:58,9:07,,32,21:20,225 lb,1:07
2701,Brian Mulligan,CrossFit Omagh,,"2023 open
19291st
worldwide",19291st,worldwide,Men,Men,161 kg,,125 kg,230 kg,,,3:55,1:48,,,30,27:30,90 kg,1:07
2707,Amy Suralis,CrossFit Lead,,,,North America East,Women,,250 lb,,165 lb,330 lb,297,,4:19,,,,,,145 lb,1:19
2709,Jason Roraback,Camelback CrossFit,,"2023 open
1562nd
worldwide",1562nd,worldwide,Men,Men (50-54),325 lb,,215 lb,420 lb,,,,3:40,,,26,22:40,145 lb,1:13
2710,Karla Wolford,EHP CrossFit,,,,North America West,Women,,310 lb,,215 lb,365 lb,402,,4:15,1:28,9:48,,,41:18,175 lb,1:12
2712,Pedram Vaghefinazari,Carson CrossFit,,"2023 open
11063rd
worldwide",11063rd,worldwide,Men,Men (40-44),,,,,,,5:40,,,,,,,
2735,Vincent Paradis,,,,,North America East,Men,,315 lb,,230 lb,435 lb,,27:30,4:40,5:00,,,35,23:00,185 lb,
2747,Johan Bernström,CrossFit Smedjan,,"2023 open
5796th
worldwide",5796th,worldwide,Men,Men (35-39),160 kg,,111 kg,210 kg,,24:09,7:20,4:38,9:17,,30,20:43,92 kg,1:13
2751,Adam Day,Carbon Method CrossFit,,"2023 open
4422nd
worldwide",4422nd,worldwide,Men,Men (45-49),145 kg,,110 kg,207 kg,,,5:07,2:46,,,20,,77 kg,
2755,Christina Andreassen,,,,,Europe,Women,,80 kg,,45 kg,100 kg,,29:29,,,,,10,25:58,35 kg,
2757,Andy Taylor,,,,,Europe,Men,,160 kg,,105 kg,205 kg,,31:05,4:10,3:52,9:26,,,,75 kg,
2761,Jared Nash,,,,,,,,465 lb,,320 lb,450 lb,,,,,,,,,245 lb,
2776,Sarah Campbell,,,,,Europe,Women,,88 kg,,70 kg,115 kg,,,,,,,29,23:00,60 kg,
2784,Jens Bodenhoff Pedersen,Gimlis CrossFit,,"2023 open
17324th
worldwide",17324th,worldwide,Men,Men (35-39),130 kg,,,185 kg,,,,,,,,23:47,,
2786,Anna Botting,,,,,Asia,Women,,135 lb,,110 lb,195 lb,,,,,,,10,,80 lb,
2799,Amelia Blanco,CrossFit Asteria,,,,North America,Women,,165 lb,,80 lb,240 lb,,,9:46,,,,,,90 lb,
2810,Asa Hadsell,CrossFit North Mesquite,,,,United States,Men,,305 lb,,215 lb,335 lb,290,33:25,5:44,,11:36,,,,176 lb,
2813,Eric DiBartolomeo,,,,,South East,Men,,350 lb,,250 lb,460 lb,391,,3:17,,8:59,,33,,155 lb,6:18
2820,Jenni Roberts,CrossFit Brisbane,,,,Oceania,Women,,80 kg,,58 kg,115 kg,275,,7:51,4:45,11:47,,,,40 kg,
2825,Tom Taggart,,,,,North Central,Men (60+),,205 lb,,140 lb,285 lb,357,,,,9:48,,,22:21,105 lb,
2828,Juscie Cardoso,CrossFit Jundiaí,,,,Brazil,Men,,350 lb,,235 lb,415 lb,160,28:30,5:10,4:58,13:57,,20,26:30,165 lb,1:57
2829,dana free,,,,,North East,Women,,,,95 lb,,,,,,,,,,75 lb,
2845,Donna Shallue,CrossFit Unrest,,"2023 open
633rd
worldwide",633rd,worldwide,Women,Women (40-44),117 kg,,75 kg,137 kg,,,,,,,,,55 kg,
2846,Ronny Friebel,CrossFit Bulls and Bears,,,,Europe Central,Men,,160 kg,,110 kg,200 kg,,,,3:06,,,,,80 kg,
2857,Erick Pinto,CrossFit Guayaquil,,,,South America,Men,,365 lb,,,,,,3:18,,,,,,,
2870,Malgorzata Leszczynska,,,,,Europe,Women,,113 kg,,66 kg,123 kg,239,,5:40,,14:47,,3,,43 kg,
2894,Heidrun Gestsdottir,CrossFit Katla Lambhaga,,"2023 quarterfinals
1430th
Europe",1430th,Europe,Women,Women,100 kg,,73 kg,,341,22:54,7:35,2:38,13:57,,,,53 kg,
2895,Luis Vivas,Golden Mile CrossFit,,"2023 open
4448th
worldwide",4448th,worldwide,Men,Men (40-44),335 lb,,240 lb,408 lb,330,,6:00,4:30,,,40,27:00,195 lb,
2908,Corey Dickerson,Signal 5 CrossFit,,,,Mid Atlantic,Men,,435 lb,,255 lb,650 lb,,22:49,2:29,1:43,8:55,,32,,205 lb,
2914,Stewart Boraston,,,,,Europe,Men,,185 kg,,125 kg,200 kg,,,2:58,3:35,9:36,,,20:06,103 kg,
2944,Brittany Brazil,CrossFit South Cherry,,"2023 open
522nd
worldwide",522nd,worldwide,Women,Women (35-39),280 lb,,178 lb,350 lb,200,6:08,2:38,5:58,3:48,,30,31:25,179 lb,7:22
2962,Suzanne Boyd,Groundworx CrossFit,,"2023 quarterfinals
19th
worldwide",19th,worldwide,Women (60-64),Women (60-64),211 lb,,145 lb,258 lb,308,26:16,3:53,3:22,10:38,,22,27:15,110 lb,
2963,Nick Roberts,CrossFit Chalk,,"2023 semifinals
14th
worldwide",14th,worldwide,Men,Men (35-39),450 lb,,330 lb,515 lb,440,,2:18,1:36,7:40,,62,18:45,270 lb,0:56
2966,CYRIL ROUSSEAU,,,,,Europe,Men,,,,,,,,3:21,,,,,,,
2973,Maria McIntyre,,,,,North Central,Women,,265 lb,,220 lb,320 lb,,,3:05,1:59,8:49,,40,,155 lb,
2976,Markus Wells,CrossFit Crash,,,,North America,Men,,335 lb,,225 lb,425 lb,315,31:00,,3:02,10:34,,,22:57,135 lb,
2985,Danielle Bromery,CrossFit Humidity,,"2023 open
19471st
worldwide",19471st,worldwide,Women,Women,,,183 lb,263 lb,,,,2:49,,,,,140 lb,
3004,Jacob Hazard,,,,,Southern California,Men,,405 lb,,292 lb,500 lb,,,2:20,1:50,,,62,,233 lb,
3011,Michael Smith,Duke City CrossFit,,,,North America,Men,,345 lb,,245 lb,425 lb,420,,8:40,4:41,,,37,,185 lb,
3025,Madeline Moore,CrossFit DFW,,,,South Central,Women,,250 lb,,185 lb,315 lb,,,,,,,,,145 lb,
3031,Nicolas Delay,CrossFit Lyon,,,,Europe,Men,,120 kg,,80 kg,140 kg,,,4:40,,,,,,60 kg,
3042,Michael Haller,CrossFit Recreate,,,,North America East,Men,,365 lb,,235 lb,435 lb,314,,2:58,2:24,7:58,,47,24:10,195 lb,
3046,Alex Goldstein,CrossFit Dana Point,,"2023 quarterfinals
97th
worldwide",97th,worldwide,Men (60-64),Men (60-64),335 lb,,230 lb,445 lb,329,,4:39,2:54,8:50,,,,165 lb,
3053,Matias Navarro Croxatto,,,,,Latin America,Men,,145 kg,,,173 kg,,,,,,,,,,
3054,Tom Graff,CrossFit PA,,"2023 open
958th
worldwide",958th,worldwide,Men (60-64),Men (60-64),240 lb,,,270 lb,,,,,13:12,,20,,,
3070,Jake Felten,CrossFit Oswego,,"2023 open
17112th
worldwide",17112th,worldwide,Men,Men (35-39),380 lb,,255 lb,447 lb,347,29:12,3:38,2:40,9:13,,32,24:10,177 lb,1:18
3078,Patrick Lowe,Power Pack CrossFit,,"2023 quarterfinals
325th
worldwide",325th,worldwide,Men,Men (45-49),345 lb,,255 lb,405 lb,338,,2:35,2:05,8:43,,,,225 lb,
3111,Elodie Gaudet,L'Usine CrossFit Longueuil,,"2023 open
6621st
worldwide",6621st,worldwide,Women,Women,250 lb,,175 lb,260 lb,,,3:14,,,,25,27:00,125 lb,
3126,Jesus Martinez,,,,,South East,Men,,375 lb,,265 lb,475 lb,,,5:07,3:50,,,25,,185 lb,
3129,Ryan Onesto,CrossFit Liberty Hill,,,,North America,Men,,350 lb,,285 lb,435 lb,,,2:56,2:18,8:36,,49,,225 lb,
3130,Markus Sandholm,,,,,North East,Men,,315 lb,,,415 lb,332,,,,10:15,,,19:54,145 lb,
3139,Blake Matthews,CrossFit Furious,,"2023 open
2749th
worldwide",2749th,worldwide,Men,Men (40-44),400 lb,,315 lb,425 lb,,,2:23,,,,,,250 lb,
3146,Tony Gillespie,,,,,Europe,Men,,170 kg,,,210 kg,,,,,,,,,78 kg,
3151,Joel Harding,Declaration CrossFit,,,,United States,Men,,505 lb,,395 lb,655 lb,406,22:30,2:11,1:11,,,54,22:20,300 lb,1:05
3164,Jo Wood,,,,,,,,100 kg,,75 kg,135 kg,,,,,,,21,24:40,62 kg,
3166,Melanie Shaffer,CrossFit Nittany,,,,United States,Women,,225 lb,,153 lb,305 lb,,,,3:42,,,,33:28,103 lb,
3172,Jarrell Julien,,,,,South Central,Men,,370 lb,,,415 lb,,,3:30,,7:21,,,,,
3186,Case Holmes,CrossFit Type 44,,,,North America,Men,,275 lb,,175 lb,395 lb,246,,7:27,4:35,12:57,,,,145 lb,
3187,Tami Chesnut,CrossFit 8035,,,,United States,Women,,170 lb,,120 lb,175 lb,229,26:40,6:59,3:14,13:05,,,,90 lb,
3197,Alexandra Burns,,,,,North Central,Women,,165 lb,,105 lb,240 lb,204,28:33,6:34,,10:29,,,27:00,80 lb,
3199,John Champney,CrossFit HomeBase Central,,"2023 quarterfinals
567th
worldwide",567th,worldwide,Men,Men (45-49),305 lb,,248 lb,325 lb,477,23:40,3:32,3:22,7:53,,41,,187 lb,
3202,Aislinn Garza,,,,,North America West,Women,,295 lb,,185 lb,405 lb,,,,3:34,,,,,125 lb,2:08
3211,Garreth Macpherson,Gas City CrossFit,,"2023 quarterfinals
445th
worldwide",445th,worldwide,Men,Men (35-39),,,300 lb,,,,,1:50,,,,,255 lb,
3229,Jeremy Smith,,,,,South Central,Men,,425 lb,,305 lb,495 lb,,,2:45,,,,,,265 lb,
3232,Mirjam Lutz,,,,,Europe,Women,,85 kg,,65 kg,115 kg,,,7:56,,,,12,25:50,53 kg,
3238,Tony Suglio,,,,,Central East,Men,,355 lb,,270 lb,485 lb,316,25:19,3:30,2:09,,,,30:49,220 lb,1:12
3239,Ryan Willette,,,,,North Central,Men,,375 lb,,255 lb,425 lb,,,3:09,,,,,,185 lb,
3240,Nicole Cartledge,CrossFit Hanford,,"2023 open
9653rd
worldwide",9653rd,worldwide,Women,Women (35-39),175 lb,,140 lb,235 lb,234,,8:02,5:48,,,,29:00,95 lb,
3249,Hector Escalante Jr.,,,,,Southern California,Men,,455 lb,,235 lb,405 lb,,,,,,,33,20:55,185 lb,1:15
3264,Dinah Mielke,,,,,Northern California,Women,,155 lb,,120 lb,285 lb,,,,,11:55,,,28:00,97 lb,
3270,Scott Brazil,CrossFit South Cherry,,,,North America,Men,,275 lb,,225 lb,285 lb,,,4:12,,,,30,22:31,165 lb,
3272,Brett Hall,Bodyshop CrossFit West Kelowna,,,,Canada,Men,,395 lb,,265 lb,415 lb,367,,2:51,,,,45,,185 lb,
3282,Alex Weate,,,,,Mid Atlantic,Men,,410 lb,,285 lb,500 lb,,,,2:00,8:30,,,,225 lb,
3289,Koyu Wenty,CrossFit Big D,,,,South Central,Women,,225 lb,,130 lb,275 lb,223,,,4:55,,,,,100 lb,
3307,Matthew Spencer,Railroad CrossFit,,,,United States,Men,,340 lb,,225 lb,340 lb,319,25:00,5:30,3:15,10:00,,24,,165 lb,1:17
3332,Cory Smyer,DFX CrossFit,,"2023 open
10817th
worldwide",10817th,worldwide,Men,Men (35-39),255 lb,,205 lb,,310,,4:51,3:28,9:47,,,,145 lb,
3333,Jeannie Young,CrossFit Park City,,"2023 open
838th
worldwide",838th,worldwide,Women,Women (45-49),215 lb,,160 lb,265 lb,,,4:28,,,,,23:20,105 lb,
3339,Sal Galluzzo,,,,,North Central,Men,,,,215 lb,425 lb,,27:00,3:47,3:24,9:13,,35,,161 lb,
3343,Amy Elyse Bishop McKenzie,CrossFit Odyssey,,"2023 open
1130th
worldwide",1130th,worldwide,Women,Women (50-54),195 lb,,138 lb,225 lb,264,28:37,5:48,,,,25,,95 lb,2:06
3345,Stephen Miller,,,,,,,,414 lb,,,500 lb,,,,,,,,,,
3356,Tiffany Bell,CrossFit Empire South,,,,North America,Women,,220 lb,,185 lb,285 lb,,,,,,,28,,140 lb,
3365,Luc Belanger,CrossFit T-R,,,,Canada East,Men,,450 lb,,285 lb,500 lb,,,3:57,,,,,,215 lb,
3373,Thomas Khotmanivong,,,,,North Central,Men,,500 lb,,275 lb,565 lb,,,,,,,,,225 lb,
3377,Katie Hathaway,CrossFit Ammo,,,,South Central,Women,,225 lb,,115 lb,225 lb,272,,6:29,,11:18,,20,,95 lb,
3390,Kristina Goetz,CrossFit Wash Park,,"2023 quarterfinals
598th
worldwide",598th,worldwide,Women,Women (40-44),245 lb,,200 lb,265 lb,,,,,,,20,,155 lb,
3403,Todd Savage,Stability CrossFit,,"2023 open
1216th
worldwide",1216th,worldwide,Men (55-59),Men (55-59),200 lb,,165 lb,305 lb,221,35:00,6:47,,10:45,,,,115 lb,
3409,Robert Dallakian,CrossFit Grau,,,,Europe,Men,,185 kg,,130 kg,230 kg,,,,2:00,,,,,95 kg,
3417,Steve Kaufman,,,,,North America,Men (60-64),,,,,,,,,,,,,19:30,,
3422,Jillian Albee,M4G CrossFit,,"2023 open
19167th
worldwide",19167th,worldwide,Women,Women (35-39),300 lb,,180 lb,365 lb,,32:22,5:44,3:50,11:25,,12,25:05,133 lb,
3424,Dennis Murphy,Public CrossFit,,"2023 quarterfinals
562nd
worldwide",562nd,worldwide,Men,Men (50-54),315 lb,,235 lb,410 lb,,,,4:11,10:16,,,,175 lb,
3426,Alex Precht,Nevermore CrossFit,,,,Mid Atlantic,Men,,300 lb,,250 lb,385 lb,353,,4:14,,,,33,,175 lb,
3432,Jason Duca,CrossFit Big House,,"2023 quarterfinals
620th
worldwide",620th,worldwide,Men,Men (35-39),345 lb,,275 lb,410 lb,322,,3:50,2:41,10:15,,21,21:20,205 lb,
3433,Joey Holland,CrossFit North Peoria,,"2023 open
1577th
worldwide",1577th,worldwide,Men,Men (45-49),305 lb,,215 lb,425 lb,368,,,,,,,,150 lb,
3437,Neil Billingham,,,,,Europe,Men,,210 kg,,125 kg,265 kg,,,2:35,1:45,8:23,,40,,80 kg,
3439,Nick Pataro,,,,,Central East,Men,,260 lb,,225 lb,375 lb,298,,3:45,3:10,6:57,,48,,189 lb,
3440,Michael Forwood,Heroes CrossFit,,,,United States,Men,,390 lb,,245 lb,445 lb,300,22:02,2:51,2:37,9:08,,50,,186 lb,1:09
3442,Philip Lavoie,CrossFit Jonq,,,,Canada East,Men,,365 lb,,255 lb,400 lb,,,,,,,,,205 lb,
3463,Andrea Hams,CrossFit Bounce,,"2023 open
1232nd
worldwide",1232nd,worldwide,Women,Women (40-44),127 kg,,105 kg,,,,,,,,,,87 kg,
3466,Matiu Brown,,,,,Europe,Men,,165 kg,,111 kg,210 kg,,,2:14,1:59,7:17,,50,19:00,103 kg,
3470,Emily Kramer,,,,,North America,Women,,295 lb,,222 lb,325 lb,,,2:42,1:59,,,42,,180 lb,
3484,Dan Coursey,CrossFit Huntley,,"2023 quarterfinals
1623rd
worldwide",1623rd,worldwide,Men,Men (35-39),395 lb,,290 lb,505 lb,364,,4:07,2:29,8:34,,40,19:34,220 lb,0:56
3507,Nick Garofalo,,,,,North East,Men,,485 lb,,325 lb,545 lb,,,2:23,,,,42,,265 lb,
3521,Ron Convento,,,,,North East,Men,,300 lb,,215 lb,335 lb,,,3:59,,,,15,,145 lb,
3524,Lois Nakamoto,CrossFit Roseville,,,,North America,Women (55-59),,135 lb,,100 lb,200 lb,,,,,,,,,80 lb,
3527,Dixie Agcaoili,,,,,Northern California,Women,,,,185 lb,,,,3:10,,,,,,135 lb,
3535,Patrick Miller,,,,,South East,Men,,,,305 lb,,,,,,,,,,215 lb,
3537,Justin Kiviat,,,,,South Central,Men,,310 lb,,245 lb,405 lb,,,5:09,,,,,,185 lb,
3550,Chris Besse,CrossFit Legacy,,"2023 open
10639th
worldwide",10639th,worldwide,Men,Men (35-39),385 lb,,255 lb,445 lb,245,34:53,6:58,2:50,10:34,,19,30:14,195 lb,1:25
3567,Jason Molnar,,,,,,,,225 lb,,,,,,,,,,21,,,
3576,Kaitlin Cooper,Sneads Ferry CrossFit,,,,Mid Atlantic,Women,,325 lb,,92 kg,340 lb,,,,,,,,,68 kg,
3577,Michael Ford,,,,,South Central,Men,,335 lb,,210 lb,425 lb,271,26:36,5:55,3:18,9:49,,32,,165 lb,1:10
3580,Megan Kunis,CrossFit Myo,,"2023 open
1925th
worldwide",1925th,worldwide,Women,Women (35-39),243 lb,,195 lb,348 lb,378,23:38,4:47,2:29,8:41,,,,140 lb,
3594,Rhys Green,,,,,North America,Men,,315 lb,,255 lb,400 lb,,,2:58,3:15,8:47,,,20:30,200 lb,
3598,Carolyn Harrison,,,"2023 quarterfinals
370th
worldwide",370th,worldwide,Women,Women (50-54),163 lb,,115 lb,235 lb,252,26:24,5:40,4:29,10:21,,,24:12,85 lb,
3615,KC Reeves,CrossFit Black Hive,,,,United States,Men,,355 lb,,229 lb,400 lb,,,4:01,,9:40,,,,185 lb,
3635,Vernard Jenkins,,,,,South Central,Men,,525 lb,,315 lb,655 lb,,,2:17,1:50,9:21,,,,250 lb,1:29
3641,Tyler Richmond,,,,,,,,325 lb,,,385 lb,,,7:10,,13:26,,,23:15,,
3642,Brian Reese,Legend CrossFit,,,,North West,Men (60+),,315 lb,,200 lb,402 lb,305,25:13,5:35,3:04,12:39,,21,28:01,155 lb,1:31
3644,Ricklynn Tyminski,CrossFit Cobalt,,"2023 open
252nd
worldwide",252nd,worldwide,Women,Women (35-39),330 lb,,230 lb,392 lb,315,22:10,2:20,2:34,8:16,,46,22:31,173 lb,1:12
3645,Jerilyn Rogalski,,,,,North East,Women,,92 kg,,80 kg,139 kg,257,25:58,5:57,3:02,11:12,,,,64 kg,
3647,Robert DelMonico,CrossFit Chalk Print,,,,North America,Men,,385 lb,,275 lb,435 lb,,,,,,,,,225 lb,
3650,Kathy Thielbeer,All Grit CrossFit,,"2023 open
14176th
worldwide",14176th,worldwide,Women,Women (40-44),60 kg,,,80 kg,,,,,,,,,35 kg,
3651,Alma Bruce,CrossFit SolaFide,,,,North America East,Women (55-59),,165 lb,,95 lb,215 lb,,,,,,,,,65 lb,
3656,Jon Leonor,CrossFit Dynamix,,,,North America,Men,,285 lb,,205 lb,400 lb,,,,,,,,,135 lb,
3666,Tatum Gray,Man Made CrossFit,,"2023 quarterfinals
770th
North America West",770th,North America West,Women,Women,225 lb,,185 lb,245 lb,,,6:28,,,,30,26:00,155 lb,
3673,Sydney Courtney,Goat House CrossFit,,"2023 quarterfinals
110th
worldwide",110th,worldwide,Women (55-59),Women (55-59),215 lb,,145 lb,297 lb,,,,,,,,,100 lb,
3678,Claudia Jacober,Angry Bee CrossFit,,"2023 semifinals
18th
worldwide",18th,worldwide,Women (55-59),Women (55-59),275 lb,,145 lb,270 lb,,,2:19,,,,37,,110 lb,
3681,Jean-francois Proulx,Reebok CrossFit Liberty Village,,,,Canada East,Men,,325 lb,,225 lb,405 lb,,,,,,,,,160 lb,
3685,Annemarie KUPA-PETERA,,,,,Australia,Women,,90 kg,,72 kg,115 kg,,,,,,,12,,52 kg,
3690,Michael Porinchak,CrossFit Saol,,"2023 quarterfinals
367th
worldwide",367th,worldwide,Men,Men (40-44),400 lb,,305 lb,475 lb,,,4:48,,,,,,220 lb,
3707,Chris Acosta,,,,,South East,Men,,485 lb,,155 kg,585 lb,,,4:25,,,,,,135 kg,
3710,Sarah Owen,CrossFit Eyre,,,,Oceania,Women,,70 kg,,53 kg,110 kg,,,,,,,30,,35 kg,
3728,Elizabeth Austin,CrossFit Strathfield,,,,Australia,Women,,122 kg,,86 kg,142 kg,305,,5:38,2:47,12:31,,,,70 kg,
3735,Annette Jones,CrossFit Excel,,,,United States,Women,,,,,205 lb,,32:00,,,,,,,,
3748,Tracy Faucette,CrossFit Potentia,,,,North America,Women,,,,,210 lb,,,,,,,,,,
3763,Tammy Green,,,,,Northern California,Women,,205 lb,,125 lb,225 lb,237,,6:32,8:30,13:35,,,,93 lb,1:34
3775,Ryan Beal,CrossFit Cameron Park,,,,North America West,Men,,395 lb,,255 lb,455 lb,,,,2:42,,,30,,205 lb,
3814,Robert Walker,CrossFit Oswestry,,,,Europe,Men,,200 kg,,135 kg,220 kg,,,2:15,1:30,6:15,,50,,105 kg,
3816,Shane Zunckel,C23 CrossFit,,"2023 quarterfinals
174th
Oceania",174th,Oceania,Men,Men,376 lb,,330 lb,506 lb,,,3:53,1:30,8:45,,40,20:08,268 lb,1:00
3830,Mark Stiegler,CrossFit Metal Therapy,,"2023 open
454th
worldwide",454th,worldwide,Men,Men (50-54),125 kg,,93 kg,168 kg,,,3:56,,,,,15:08,70 kg,1:03
3833,Briahn Stewart,,,,,Australia,Women,,80 kg,,70 kg,125 kg,,,6:10,3:29,,,20,,53 kg,1:05
3837,Ramsey Brown,,,,,Northern California,Men,,265 lb,,,,,,,,11:32,,,,105 lb,
3854,Elliott White,,,,,Australia,Men,,150 kg,,103 kg,205 kg,280,,,,,,,,85 kg,
3858,Reghardt Prinsloo,,,"2023 open
6401st
worldwide",6401st,worldwide,Men,Men (35-39),195 kg,,140 kg,230 kg,,29:09,3:42,2:40,,,,,112 kg,1:08
3866,Michael West,CrossFit Moreton Bay,,,,Oceania,Men,,176 kg,,121 kg,208 kg,364,22:15,5:00,2:15,10:00,,25,,103 kg,1:14
3891,nicholas chang,,,,,Asia,Men,,,,,,,,,6:27,,,16,,,
3900,Nadine Penney,,,,,Australia,Women,,75 kg,,58 kg,110 kg,,,,,,,4,29:34,40 kg,1:47
3904,Per Fredriksson,CrossFit Endorfin Alingsas,,"2023 quarterfinals
1122nd
worldwide",1122nd,worldwide,Men,Men (35-39),,,,,,,,,7:52,,48,,,
3907,Jen Davis,CrossFit Torian,,,,Oceania,Women,,130 kg,,95 kg,145 kg,,,4:42,2:29,,,,,75 kg,
3909,Yvonne Gibbs,Upper Hutt CrossFit,,,,Australasia,Women,,75 kg,,50 kg,80 kg,173,36:25,,,,,5,,32 kg,1:13
3922,Christian Jaldon,CrossFit Baden,,,,Europe,Men,,316 lb,,,355 lb,491,32:40,4:57,,,,,,,
3935,Taylor Boyle,,,,,North Central,Women,,238 lb,,138 lb,263 lb,300,,4:58,3:50,,,,28:31,,
3946,Petr Krejci,CrossFit Manannan,,,,Europe,Men,,165 kg,,135 kg,210 kg,352,22:03,3:51,,8:19,,,25:00,106 kg,
3954,Jon Johnson,,,,,Central East,Men,,325 lb,,215 lb,365 lb,,29:37,6:13,3:38,9:58,,24,,135 lb,
3955,Ronnie Young,CrossFit Holly Springs,,"2023 open
198th
worldwide",198th,worldwide,Men,Men (50-54),,,,,342,26:10,3:12,2:43,8:24,,,,195 lb,
3957,Michael Choyna,CrossFit Camp Castor,,"2023 open
9537th
worldwide",9537th,worldwide,Men,Men (40-44),120 kg,,82 kg,150 kg,,,,,,,,,55 kg,
3968,Armelle Faye,CrossFit Muret,,,,Europe,Women,,,,57 kg,130 kg,,,,,,,,,42 kg,
3969,Oscar Orgaz Reyes,,,,,,,,150 kg,,110 kg,190 kg,,,4:40,,,,,23:34,60 kg,1:10
3976,Brittany Hickam,CrossFit Marion,,,,United States,Women,,168 lb,,125 lb,173 lb,203,31:51,8:34,,,,20,31:00,73 lb,
3984,Ross Pawlak,CrossFit Conjugate,,,,North America,Men,,,,,,,,4:31,,,,,,,1:11
3992,Jonathan Chung,CrossFit Liger,,,,United States,Men,,315 lb,,265 lb,405 lb,312,23:32,4:23,2:43,,,38,22:00,235 lb,
3998,Steven Bozeman,,,,,United States,Men,,345 lb,,250 lb,425 lb,,,4:44,,,,45,23:30,200 lb,1:15
3999,Scott Wollschleger,,,"2023 open
10888th
worldwide",10888th,worldwide,Men,Men (40-44),375 lb,,245 lb,505 lb,292,26:15,4:46,2:07,9:01,,29,25:58,175 lb,
4005,Brett Blair,CrossFit Heath,,,,South Central,Men,,465 lb,,305 lb,560 lb,,,2:31,,,,,,235 lb,
4018,Pepijn Leppers,Allround CrossFit,,,,Europe Central,Men,,230 kg,,160 kg,240 kg,,,,,,,,,130 kg,
4024,Dam Leroy,CrossFit Des Monts,,"2023 open
1210th
worldwide",1210th,worldwide,Men,Men (50-54),170 kg,,95 kg,195 kg,,,4:00,3:30,8:48,,,23:00,68 kg,1:19
4032,Henrik Bruun,,,,,Europe,Men,,120 kg,,95 kg,150 kg,,,4:50,5:31,9:00,,50,,65 kg,
4038,Terrence Keys,CrossFit HCS,,"2023 open
1077th
worldwide",1077th,worldwide,Men,Men (40-44),,,,,,,,,,,32,,,
4047,Alea Helmick,CrossFit ReVamped,,,,Mid Atlantic,Women,,305 lb,,225 lb,340 lb,460,,2:25,1:58,,,50,,185 lb,
4049,Kenn Yuen,,,,,North America,Men,,330 lb,,260 lb,405 lb,,,4:59,,,,27,,225 lb,
4050,Kat Munoz,Fit Strong United CrossFit,,,,United States,Women,,235 lb,,180 lb,265 lb,,,,,,,,26:38,130 lb,
4057,Drew Marchetta,,,,,North America,Men,,285 lb,,215 lb,315 lb,,26:54,3:58,4:04,9:36,,30,,165 lb,2:02
4065,Dustin Leer,CrossFit Hershey,,,,United States,Men,,478 lb,,302 lb,520 lb,,,8:02,2:04,,,25,,238 lb,1:19
4067,Susan Wineberg,CrossFit Unlocked,,"2023 open
230th
worldwide",230th,worldwide,Women,Women (50-54),210 lb,,155 lb,240 lb,,,,,,,20,,115 lb,
4068,Safwan Turk,CrossFit JLT,,,,Asia,Men,,315 lb,,225 lb,425 lb,,,4:28,,,,12,23:00,165 lb,
4072,Stephanie Mack,CrossFit Apollo,,"2023 open
4909th
worldwide",4909th,worldwide,Women,Women (35-39),235 lb,,165 lb,295 lb,386,,4:19,2:37,9:46,,30,25:24,115 lb,1:21
4097,shaun prestridge,,,,,South Central,Men,,405 lb,,,455 lb,,,,,,,,,,
4116,Jason Workman,,,,,South Central,Men,,400 lb,,260 lb,455 lb,,,2:08,2:38,,,65,,235 lb,
4130,Jp Kelley,CrossFit T1,,"2023 open
24047th
worldwide",24047th,worldwide,Men,Men,405 lb,,290 lb,515 lb,413,,2:28,1:36,7:20,,60,21:57,240 lb,1:00
4146,Jared Ebert,Nearly Perfect CrossFit,,,,North America West,Men,,340 lb,,235 lb,400 lb,,28:24,,,,,21,24:00,175 lb,
4155,John Morse,CrossFit Fort Ashton,,,,United Kingdom,Men,,110 kg,,65 kg,160 kg,,,,,,,,32:00,50 kg,
4156,Gregory Kehl,CrossFit Incline,,"2023 open
9127th
worldwide",9127th,worldwide,Men,Men (40-44),250 lb,,205 lb,365 lb,275,,5:49,3:51,9:47,,18,26:30,160 lb,
4165,Stephanie DiBartolomeo,,,"2023 open
3879th
worldwide",3879th,worldwide,Women,Women (35-39),265 lb,,225 lb,335 lb,,,,,,,35,,185 lb,
4171,Christopher Banks,Midwestern Built CrossFit,,,,North America,Men,,375 lb,,245 lb,315 lb,,,2:55,,,,27,20:37,195 lb,
4173,Justin Conroy,CrossFit East Tucson,,,,North America,Men,,120 kg,,70 kg,154 kg,248,,8:40,,9:28,,18,20:05,60 kg,
4174,Trudy Lane,,,"2023 open
1288th
worldwide",1288th,worldwide,Women (55-59),Women (55-59),90 lb,,95 lb,185 lb,208,27:22,11:28,,10:15,,5,28:00,75 lb,
4180,Daniel Hendrickson,,,,,,,,,,,,,,,9:43,,,,,,
4201,Miguel Vargas,CrossFit 302,,,,South Central,Men,,405 lb,,,425 lb,,,,,,,,,,
4205,Jason Leshikar,Iron Tide CrossFit,,,,United States,Men,,345 lb,,255 lb,455 lb,,,3:14,2:17,,,50,19:05,215 lb,0:57
4225,John Vintzel,,,,,North America West,Men,,210 kg,,120 kg,221 kg,283,,8:11,1:59,12:31,,7,35:00,92 kg,1:48
4242,Terry Brown,North Ankeny CrossFit,,"2023 open
3469th
worldwide",3469th,worldwide,Men,Men (45-49),405 lb,,255 lb,505 lb,301,28:35,3:58,1:38,10:40,,15,,205 lb,
4256,James Tapia,CrossFit Continuum,,,,North America,Men,,370 lb,,225 lb,395 lb,290,23:24,3:37,5:30,9:17,,41,,170 lb,1:15
4286,Jacqueline Halpern,CrossFit King of Prussia,,,,North America,Women,,205 lb,,155 lb,300 lb,231,,,,,,,,115 lb,
4288,Heather Stapp,CrossFit Colby,,,,United States,Women,,215 lb,,185 lb,285 lb,340,21:12,3:44,2:47,8:13,,42,,140 lb,
4318,Tracy Wilson,CrossFit Impressions,,,,North America,Women,,225 lb,,145 lb,235 lb,,,,3:30,,,27,,115 lb,
4320,Trudy Harvey,,,,,Mid Atlantic,Women,,240 lb,,145 lb,285 lb,,,,,,,,,95 lb,
4324,Justin Connolly,,,,,,,,355 lb,,235 lb,405 lb,,,,,,,,,200 lb,
4327,Gary Clack,CrossFit Crew,,"2023 open
654th
worldwide",654th,worldwide,Men (65+),Men (65+),250 lb,,165 lb,315 lb,,,,,,,,,105 lb,
4330,Todd McGee,,,,,North America,Men,,355 lb,,245 lb,480 lb,485,,4:49,2:17,10:23,,32,22:40,170 lb,
4345,Sue Bolwell-Malenfant,,,,,North East,Women,,180 lb,,135 lb,205 lb,,,,,,,,24:58,95 lb,
4349,Mike Brown,CrossFit Repentigny L'Usine,,,,Canada,Men,,340 lb,,265 lb,440 lb,351,19:16,2:46,2:50,,,54,21:21,205 lb,
4368,Anbjørn Tronerud,,,,,Europe,Men,,160 kg,,120 kg,190 kg,,,2:44,,7:43,,34,,91 kg,
4373,Tim Cummins,CrossFit South Aurora,,,,United States,Men,,,,250 lb,465 lb,,,,,,,,,205 lb,
4376,Keith Sager,LoCo CrossFit,,,,United States,Men,,375 lb,,200 lb,440 lb,,23:53,4:34,,,,38,21:32,155 lb,
4390,Aaron Feil,CrossFit Amarillo,,"2023 open
6019th
worldwide",6019th,worldwide,Men,Men (40-44),355 lb,,235 lb,425 lb,,31:15,3:04,3:40,9:17,,40,26:30,175 lb,
4397,Niklas Blind,,,,,Europe,Men,,180 kg,,130 kg,270 kg,,,,2:48,9:18,,51,,100 kg,
4398,Alyssa Iannotti,,,,,North East,Women,,275 lb,,175 lb,350 lb,,,,,,,,,140 lb,
4419,Andrew Elmore,CrossFit RTR,,,,United States,Men,,425 lb,,310 lb,515 lb,,,3:12,1:54,,,43,19:00,245 lb,
4443,Elise Knetemann-Groot,CrossFit ZaanForce,,"2023 open
5452nd
worldwide",5452nd,worldwide,Women,Women (40-44),102 kg,,70 kg,135 kg,,,,,,,,,51 kg,
4445,Tim Cicero,,,,,Central East,Men,,315 lb,,205 lb,385 lb,273,23:05,4:04,2:55,7:48,,36,,160 lb,
4448,Birgitta Mattson-Goldberg,Torrance CrossFit,,"2023 open
4460th
worldwide",4460th,worldwide,Women,Women (50-54),195 lb,,110 lb,225 lb,,31:27,6:22,5:06,14:20,,,39:00,85 lb,2:20
4457,Tanner Foster,CrossFit Covalence,,,,North America,Men,,375 lb,,315 lb,455 lb,,,2:53,1:52,13:11,,45,21:58,265 lb,1:06
4476,Kasey Thompson,,,,,Mid Atlantic,Women,,185 lb,,130 lb,230 lb,205,,,,,,,,90 lb,
4480,Kerry Radigan,Southern Pines CrossFit,,"2023 open
112296th
worldwide",112296th,worldwide,Women,Women,165 lb,,100 lb,,,,14:18,,,,5,,75 lb,
4491,Mikael Edvardsson,,,,,Sweden,Men,,195 kg,,105 kg,185 kg,319,,4:05,3:55,,,20,,75 kg,
4500,Jared Bleathman,,,,,Australia,Men,,135 kg,,100 kg,170 kg,262,,4:48,4:49,9:59,,13,22:47,75 kg,1:06
4504,Nicholas Love,CrossFit Miles City,,"2023 open
12629th
worldwide",12629th,worldwide,Men,Men,425 lb,,305 lb,515 lb,,,2:31,1:58,,,,,250 lb,
4505,Chris Roberts,CrossFit Container,,"2023 open
2818th
worldwide",2818th,worldwide,Men,Men (35-39),140 kg,,115 kg,180 kg,,,2:54,,,,,23:00,100 kg,
4514,Megan Thomas,Chesterfield CrossFit,,"2023 open
4929th
worldwide",4929th,worldwide,Women,Women (35-39),225 lb,,155 lb,270 lb,267,24:48,3:35,3:01,9:26,,,,125 lb,
4528,Alexandr Rodionov,,,,,Russian Federation,Men,,145 kg,,110 kg,200 kg,,,2:57,2:27,9:40,,45,18:50,90 kg,0:58
4532,Silvana Gonzalez,,,,,South Central,Women,,103 kg,,74 kg,,,,,,,,,,58 kg,
4541,Anna Clayton,Wasatch CrossFit,,,,North America,Women,,123 kg,,100 kg,158 kg,,,,,,,,,72 kg,
4553,J-me Hannay,,,,,Canada West,Women,,233 lb,,165 lb,,,16:04,,,,,,,143 lb,
4560,Zachary Chavez,CrossFit Sanitas,,"2023 open
2710th
worldwide",2710th,worldwide,Men,Men,425 lb,,290 lb,475 lb,,,1:59,,,,45,,225 lb,
4561,Kelly Olcott,,,,,North America,Men,,345 lb,,235 lb,415 lb,,,4:14,2:33,,,46,,180 lb,
4562,Marco Gonsales,,,,,Brazil,Men,,170 kg,,130 kg,200 kg,,,2:37,2:23,8:57,,43,19:15,115 kg,1:12
4564,Jacquelyn Rojas,CrossFit Rev40,,"2023 open
29200th
worldwide",29200th,worldwide,Women,Women,220 lb,,160 lb,255 lb,,,,,,,31,,110 lb,
4584,Sean Sweeney,CrossFit Powerstroke,,"2023 quarterfinals
1456th
North America West",1456th,North America West,Men,Men,445 lb,,345 lb,575 lb,,,2:17,1:28,,,,,280 lb,
4590,Aaron Kirchoff,,,"2023 quarterfinals
546th
worldwide",546th,worldwide,Men,Men (35-39),365 lb,,275 lb,455 lb,367,23:50,3:19,2:42,8:54,,43,21:17,220 lb,0:58
4593,Dan Vegard Pedersen,,,,,,,,150 kg,,100 kg,200 kg,,,,4:54,,,15,,70 kg,
4598,DiAnna Freeman,CrossFit Sozo,,,,North America,Women,,,,,285 lb,,,,,,,,,,
4599,Randolph Forbes,CrossFit Reverse,,,,Central East,Men,,255 lb,,185 lb,375 lb,,,,,,,,,145 lb,
4600,Mallory Johnson,,,,,North Central,Women,,210 lb,,165 lb,271 lb,,,,,14:06,,20,27:51,125 lb,
4610,Darin Goo,CrossFit 808,,"2023 open
1991st
worldwide",1991st,worldwide,Men,Men (50-54),325 lb,,235 lb,375 lb,237,,6:00,3:34,12:17,,27,26:29,187 lb,
4615,Matthew Bucknam,,,,,South East,Men,,265 lb,,,335 lb,,,,,,,,,135 lb,
4640,Aliyah Emas,CrossFit Proven,,,,Mid Atlantic,Women,,240 lb,,173 lb,315 lb,,25:05,3:22,,,,42,,135 lb,
4647,Andy Duckett-Emke,CrossFit Verve,,,,North America,Men,,315 lb,,235 lb,375 lb,,,4:54,,,,,,,
4698,Justin Smith,Mac Town CrossFit,,"2023 open
1593rd
worldwide",1593rd,worldwide,Men,Men (40-44),400 lb,,310 lb,455 lb,,,2:38,,,,,21:10,245 lb,0:58
4720,Shawn Brice,CrossFit Unstoppable,,,,North Central,Men,,275 lb,,205 lb,405 lb,301,28:16,3:47,2:58,11:28,,21,27:46,135 lb,1:22
4728,Samantha Snow,,,,,North America,Women,,220 lb,,156 lb,280 lb,,,,2:50,,,,,130 lb,
4763,Sarah Williamson,,,,,North America,Women,,265 lb,,185 lb,354 lb,,,,,,,,,150 lb,
4789,kristen rhodes,,,,,South East,Women,,180 lb,,138 lb,220 lb,,,,,,,,,110 lb,
4792,Joseph Ennis II,CrossFit Panther City,,,,United States,Men,,,,,305 lb,,,,,,,,,,
4805,Emily Babin,CrossFit AMRAP,,,,North America,Women,,270 lb,,200 lb,360 lb,382,24:00,2:59,1:54,8:32,,30,22:30,150 lb,1:03
4822,Shane Durtsche,Wasatch CrossFit,,,,North America,Men,,425 lb,,255 lb,500 lb,,,,,,,,,205 lb,
4833,Erik Bartlett,,,,,North Central,Men,,385 lb,,225 lb,465 lb,,,3:59,,,,,,185 lb,
4868,Matthew Gilstrap,Lander University CrossFit,,"2023 quarterfinals
679th
worldwide",679th,worldwide,Men,Men (35-39),425 lb,,335 lb,485 lb,369,25:11,2:39,1:48,8:44,,39,23:26,245 lb,
4879,Lindsay Luna,CrossFit Total Control,,"2023 open
2484th
worldwide",2484th,worldwide,Women,Women (35-39),245 lb,,195 lb,315 lb,336,27:01,,2:38,11:17,,,,145 lb,
4893,Jason Bledsoe,CrossFit Wilsonville,,,,North America West,Men,,255 lb,,185 lb,335 lb,,,8:08,3:38,11:04,,35,23:21,155 lb,1:05
4906,Renee-Claude Rioux,CrossFit FYP,,"2023 open
91st
worldwide",91st,worldwide,Women,Women (35-39),250 lb,,200 lb,300 lb,,,2:55,2:45,,,,20:08,155 lb,
4920,scott shoaf,CrossFit Unmarked,,"2023 open
3081st
worldwide",3081st,worldwide,Men,Men (50-54),245 lb,,155 lb,310 lb,250,,4:35,,9:58,,17,21:10,115 lb,1:23
4929,Kate Quayle,CrossFit Courageous,,,,North America,Women,,265 lb,,195 lb,305 lb,341,21:08,2:18,3:17,8:24,,,,155 lb,
4933,Raphael Freedman,CrossFit Creature,,,,Australasia,Men,,201 kg,,135 kg,180 kg,,,,2:00,,,30,,106 kg,
4939,Joshua Noble,Double Edge CrossFit,,"2023 open
1678th
worldwide",1678th,worldwide,Men,Men (40-44),245 lb,,215 lb,370 lb,,,,,10:10,,20,,175 lb,
4940,Morgan Seger,,,,,North America,Women,,282 lb,,215 lb,310 lb,,,2:37,1:37,,,32,,170 lb,
4942,Thomas Nelson,,,,,South Central,Men,,285 lb,,215 lb,385 lb,308,,4:33,,,,47,23:21,165 lb,
4943,Eric Long,,,,,Central East,Men,,375 lb,,,405 lb,168,,,,,,18,,,
4948,Scott Burbank,Bell City CrossFit,,,,North America,Men,,325 lb,,235 lb,405 lb,,26:18,7:56,4:11,11:16,,23,,180 lb,1:45
4962,Brittany McHann,CrossFit Chi-Rho,,,,North America,Women,,200 lb,,170 lb,330 lb,356,,3:46,2:02,9:19,,42,22:51,120 lb,1:09
